,state,date,45003,45019,45021,45045,45051,45083,total_cnts
61,SC,2020-08-02,4.0,0.0,1.0,1.0,1.0,1.0,22.0
62,SC,2020-08-03,1.0,1.0,4.0,7.0,1.0,0.0,40.0
63,SC,2020-08-04,7.0,1.0,1.0,1.0,0.0,6.0,37.0
64,SC,2020-08-05,5.0,1.0,0.0,1.0,1.0,1.0,26.0
65,SC,2020-08-06,4.0,1.0,1.0,7.0,1.0,1.0,35.0
66,SC,2020-08-07,1.0,1.0,1.0,5.0,0.0,1.0,25.0
67,SC,2020-08-08,1.0,0.0,0.0,1.0,0.0,7.0,24.0
68,SC,2020-08-09,1.0,0.0,0.0,1.0,0.0,5.0,21.0
69,SC,2020-08-10,6.0,1.0,1.0,1.0,0.0,5.0,34.0
70,SC,2020-08-11,1.0,1.0,1.0,1.0,1.0,1.0,29.0
71,SC,2020-08-12,1.0,0.0,1.0,1.0,0.0,6.0,35.0
72,SC,2020-08-13,1.0,1.0,1.0,1.0,0.0,5.0,25.0
73,SC,2020-08-14,1.0,0.0,0.0,1.0,0.0,6.0,37.0
0,SC,2020-08-15,0.0,1.0,1.0,4.0,0.0,1.0,26.0
74,SC,2020-08-16,1.0,0.0,1.0,1.0,1.0,4.0,18.0
75,SC,2020-08-17,1.0,1.0,1.0,7.0,1.0,10.0,48.0
76,SC,2020-08-18,1.0,0.0,1.0,1.0,0.0,8.0,31.0
402,SC,2020-08-19,0.0,1.0,0.0,1.0,1.0,4.0,17.0
384,SC,2020-08-20,0.0,0.0,1.0,4.0,1.0,1.0,21.0
385,SC,2020-08-21,0.0,1.0,1.0,4.0,1.0,5.0,26.0
499,SC,2020-08-22,0.0,1.0,0.0,0.0,0.0,7.0,20.0
403,SC,2020-08-23,0.0,0.0,1.0,4.0,0.0,5.0,18.0
77,SC,2020-08-24,1.0,1.0,0.0,1.0,0.0,6.0,22.0
78,SC,2020-08-25,1.0,0.0,0.0,1.0,0.0,7.0,25.0
79,SC,2020-08-26,1.0,1.0,1.0,1.0,0.0,4.0,23.0
80,SC,2020-08-27,1.0,1.0,0.0,1.0,1.0,5.0,24.0
81,SC,2020-08-28,1.0,1.0,0.0,8.0,1.0,1.0,24.0
1,SC,2020-08-29,1.0,0.0,1.0,1.0,0.0,5.0,22.0
82,SC,2020-08-30,1.0,0.0,1.0,1.0,0.0,1.0,13.0
2,SC,2020-08-31,1.0,1.0,1.0,4.0,0.0,1.0,24.0
404,SC,2020-09-01,0.0,0.0,1.0,0.0,4.0,1.0,26.0
584,SC,2020-09-02,0.0,1.0,4.0,4.0,1.0,1.0,22.0
405,SC,2020-09-03,0.0,1.0,1.0,1.0,1.0,1.0,15.0
83,SC,2020-09-04,1.0,1.0,1.0,6.0,1.0,1.0,23.0
406,SC,2020-09-05,0.0,1.0,1.0,0.0,1.0,4.0,14.0
386,SC,2020-09-06,0.0,0.0,1.0,1.0,1.0,7.0,22.0
84,SC,2020-09-07,1.0,0.0,1.0,1.0,1.0,1.0,10.0
85,SC,2020-09-08,1.0,0.0,0.0,8.0,0.0,1.0,26.0
3,SC,2020-09-09,1.0,0.0,0.0,1.0,0.0,4.0,15.0
4,SC,2020-09-10,1.0,0.0,1.0,7.0,1.0,5.0,27.0
407,SC,2020-09-11,0.0,1.0,1.0,0.0,0.0,6.0,19.0
408,SC,2020-09-12,0.0,1.0,1.0,0.0,0.0,1.0,8.0
409,SC,2020-09-13,0.0,0.0,1.0,0.0,0.0,4.0,12.0
86,SC,2020-09-14,1.0,0.0,1.0,1.0,0.0,4.0,17.0
87,SC,2020-09-15,1.0,0.0,1.0,1.0,0.0,0.0,10.0
88,SC,2020-09-16,1.0,1.0,1.0,1.0,0.0,5.0,16.0
89,SC,2020-09-17,1.0,1.0,1.0,6.0,1.0,11.0,26.0
410,SC,2020-09-18,0.0,4.0,1.0,5.0,1.0,1.0,24.0
90,SC,2020-09-19,1.0,0.0,1.0,1.0,1.0,1.0,14.0
91,SC,2020-09-20,1.0,0.0,0.0,1.0,1.0,6.0,18.0
92,SC,2020-09-21,1.0,1.0,0.0,4.0,0.0,4.0,18.0
5,SC,2020-09-22,1.0,0.0,1.0,1.0,1.0,4.0,20.0
93,SC,2020-09-23,1.0,0.0,1.0,5.0,0.0,1.0,19.0
94,SC,2020-09-24,1.0,1.0,1.0,4.0,1.0,1.0,19.0
95,SC,2020-09-25,1.0,0.0,0.0,1.0,1.0,0.0,15.0
6,SC,2020-09-26,1.0,0.0,0.0,1.0,1.0,4.0,16.0
411,SC,2020-09-27,0.0,0.0,1.0,0.0,0.0,1.0,7.0
96,SC,2020-09-28,1.0,1.0,5.0,1.0,1.0,1.0,19.0
97,SC,2020-09-29,1.0,0.0,1.0,1.0,0.0,1.0,15.0
98,SC,2020-09-30,1.0,1.0,1.0,0.0,1.0,1.0,13.0
387,SC,2020-10-01,0.0,1.0,0.0,1.0,0.0,5.0,15.0
99,SC,2020-10-02,1.0,0.0,1.0,1.0,1.0,5.0,17.0
100,SC,2020-10-03,1.0,1.0,0.0,1.0,0.0,1.0,12.0
101,SC,2020-10-04,1.0,0.0,0.0,1.0,0.0,5.0,11.0
102,SC,2020-10-05,1.0,1.0,0.0,1.0,1.0,1.0,16.0
103,SC,2020-10-06,1.0,0.0,0.0,1.0,0.0,1.0,18.0
412,SC,2020-10-07,0.0,0.0,0.0,1.0,1.0,4.0,12.0
104,SC,2020-10-08,1.0,0.0,0.0,1.0,1.0,5.0,18.0
516,SC,2020-10-09,0.0,1.0,1.0,7.0,1.0,4.0,31.0
105,SC,2020-10-10,1.0,1.0,1.0,1.0,1.0,4.0,15.0
388,SC,2020-10-11,0.0,0.0,1.0,1.0,1.0,1.0,13.0
413,SC,2020-10-12,0.0,1.0,1.0,1.0,0.0,6.0,22.0
414,SC,2020-10-13,0.0,0.0,0.0,1.0,0.0,1.0,8.0
7,SC,2020-10-14,1.0,0.0,1.0,1.0,1.0,4.0,16.0
106,SC,2020-10-15,1.0,0.0,0.0,1.0,1.0,4.0,22.0
107,SC,2020-10-16,1.0,1.0,1.0,4.0,1.0,5.0,24.0
108,SC,2020-10-17,1.0,0.0,0.0,0.0,1.0,1.0,10.0
109,SC,2020-10-18,1.0,1.0,1.0,0.0,1.0,4.0,16.0
110,SC,2020-10-19,1.0,0.0,0.0,1.0,1.0,1.0,13.0
111,SC,2020-10-20,5.0,1.0,1.0,1.0,1.0,1.0,22.0
112,SC,2020-10-21,1.0,0.0,1.0,4.0,0.0,6.0,18.0
8,SC,2020-10-22,1.0,1.0,1.0,1.0,1.0,7.0,21.0
113,SC,2020-10-23,1.0,0.0,1.0,1.0,0.0,5.0,16.0
9,SC,2020-10-24,1.0,0.0,1.0,1.0,1.0,4.0,18.0
10,SC,2020-10-25,1.0,0.0,1.0,1.0,0.0,1.0,13.0
114,SC,2020-10-26,1.0,1.0,1.0,1.0,4.0,1.0,19.0
115,SC,2020-10-27,1.0,1.0,1.0,1.0,1.0,6.0,27.0
11,SC,2020-10-28,1.0,1.0,1.0,7.0,0.0,5.0,25.0
116,SC,2020-10-29,1.0,0.0,1.0,1.0,1.0,1.0,18.0
117,SC,2020-10-30,1.0,0.0,1.0,1.0,1.0,1.0,13.0
118,SC,2020-10-31,1.0,0.0,0.0,0.0,0.0,5.0,15.0
119,SC,2020-11-01,1.0,1.0,1.0,1.0,0.0,1.0,12.0
12,SC,2020-11-02,1.0,0.0,0.0,0.0,1.0,1.0,14.0
120,SC,2020-11-03,1.0,1.0,1.0,5.0,0.0,1.0,17.0
121,SC,2020-11-04,1.0,0.0,1.0,1.0,1.0,4.0,16.0
122,SC,2020-11-05,1.0,0.0,0.0,1.0,1.0,6.0,18.0
13,SC,2020-11-06,1.0,0.0,1.0,1.0,1.0,1.0,16.0
123,SC,2020-11-07,1.0,0.0,1.0,1.0,1.0,9.0,23.0
124,SC,2020-11-08,1.0,0.0,1.0,1.0,0.0,5.0,17.0
125,SC,2020-11-09,1.0,1.0,1.0,0.0,0.0,1.0,20.0
126,SC,2020-11-10,1.0,0.0,1.0,1.0,0.0,1.0,15.0
127,SC,2020-11-11,1.0,0.0,1.0,1.0,1.0,1.0,13.0
128,SC,2020-11-12,1.0,0.0,0.0,4.0,1.0,5.0,21.0
129,SC,2020-11-13,1.0,1.0,1.0,4.0,1.0,1.0,19.0
130,SC,2020-11-14,1.0,0.0,1.0,1.0,1.0,1.0,14.0
131,SC,2020-11-15,1.0,0.0,1.0,1.0,0.0,5.0,11.0
132,SC,2020-11-16,1.0,0.0,1.0,1.0,1.0,4.0,15.0
133,SC,2020-11-17,1.0,1.0,0.0,1.0,1.0,1.0,18.0
134,SC,2020-11-18,4.0,1.0,1.0,1.0,0.0,4.0,25.0
135,SC,2020-11-19,1.0,1.0,1.0,0.0,1.0,5.0,26.0
136,SC,2020-11-20,4.0,1.0,1.0,0.0,0.0,5.0,21.0
137,SC,2020-11-21,1.0,1.0,1.0,4.0,1.0,9.0,25.0
138,SC,2020-11-22,1.0,0.0,0.0,1.0,0.0,7.0,16.0
139,SC,2020-11-23,1.0,1.0,1.0,1.0,0.0,6.0,20.0
140,SC,2020-11-24,1.0,0.0,1.0,1.0,1.0,1.0,12.0
141,SC,2020-11-25,1.0,0.0,0.0,4.0,1.0,6.0,26.0
142,SC,2020-11-26,1.0,0.0,0.0,1.0,1.0,1.0,16.0
143,SC,2020-11-27,1.0,1.0,1.0,4.0,1.0,13.0,38.0
415,SC,2020-11-28,0.0,0.0,0.0,1.0,0.0,4.0,12.0
144,SC,2020-11-29,1.0,1.0,0.0,1.0,0.0,4.0,19.0
517,SC,2020-11-30,0.0,1.0,1.0,1.0,1.0,1.0,17.0
145,SC,2020-12-01,1.0,0.0,0.0,5.0,1.0,8.0,33.0
146,SC,2020-12-02,1.0,1.0,0.0,1.0,1.0,6.0,27.0
14,SC,2020-12-03,1.0,1.0,0.0,1.0,0.0,11.0,33.0
416,SC,2020-12-04,0.0,1.0,4.0,6.0,0.0,11.0,34.0
147,SC,2020-12-05,4.0,0.0,0.0,1.0,1.0,8.0,25.0
518,SC,2020-12-06,0.0,1.0,0.0,0.0,0.0,5.0,17.0
148,SC,2020-12-07,1.0,1.0,0.0,4.0,1.0,9.0,38.0
149,SC,2020-12-08,1.0,1.0,1.0,1.0,1.0,12.0,37.0
15,SC,2020-12-09,1.0,1.0,1.0,5.0,1.0,16.0,43.0
417,SC,2020-12-10,0.0,1.0,1.0,5.0,5.0,11.0,37.0
16,SC,2020-12-11,0.0,0.0,0.0,1.0,1.0,14.0,32.0
418,SC,2020-12-12,0.0,1.0,1.0,0.0,1.0,10.0,28.0
150,SC,2020-12-13,1.0,1.0,1.0,1.0,1.0,13.0,36.0
151,SC,2020-12-14,1.0,1.0,1.0,7.0,1.0,15.0,48.0
17,SC,2020-12-15,1.0,0.0,1.0,5.0,1.0,8.0,41.0
152,SC,2020-12-16,1.0,1.0,1.0,4.0,1.0,7.0,32.0
18,SC,2020-12-17,1.0,1.0,1.0,10.0,0.0,12.0,41.0
153,SC,2020-12-18,1.0,1.0,1.0,5.0,1.0,16.0,51.0
419,SC,2020-12-19,0.0,4.0,0.0,1.0,1.0,7.0,30.0
19,SC,2020-12-20,1.0,1.0,1.0,6.0,1.0,7.0,42.0
154,SC,2020-12-21,1.0,1.0,1.0,10.0,0.0,10.0,50.0
155,SC,2020-12-22,1.0,1.0,1.0,1.0,6.0,10.0,36.0
20,SC,2020-12-23,0.0,1.0,1.0,5.0,0.0,10.0,38.0
21,SC,2020-12-24,1.0,1.0,1.0,7.0,1.0,11.0,42.0
156,SC,2020-12-25,1.0,1.0,1.0,9.0,0.0,10.0,40.0
157,SC,2020-12-26,5.0,1.0,1.0,4.0,1.0,14.0,45.0
22,SC,2020-12-27,1.0,1.0,4.0,10.0,1.0,8.0,49.0
158,SC,2020-12-28,5.0,0.0,4.0,6.0,1.0,6.0,49.0
159,SC,2020-12-29,1.0,1.0,1.0,9.0,4.0,14.0,59.0
23,SC,2020-12-30,1.0,4.0,1.0,11.0,5.0,15.0,65.0
160,SC,2020-12-31,1.0,6.0,7.0,9.0,0.0,18.0,83.0
161,SC,2021-01-01,1.0,1.0,1.0,6.0,0.0,16.0,49.0
162,SC,2021-01-02,1.0,0.0,0.0,7.0,1.0,20.0,60.0
163,SC,2021-01-03,1.0,1.0,5.0,6.0,1.0,19.0,58.0
164,SC,2021-01-04,1.0,1.0,1.0,12.0,5.0,20.0,81.0
24,SC,2021-01-05,1.0,1.0,4.0,19.0,4.0,12.0,71.0
165,SC,2021-01-06,1.0,1.0,1.0,18.0,5.0,16.0,85.0
166,SC,2021-01-07,1.0,1.0,1.0,10.0,1.0,16.0,69.0
167,SC,2021-01-08,1.0,5.0,4.0,12.0,5.0,23.0,97.0
168,SC,2021-01-09,1.0,1.0,4.0,7.0,1.0,11.0,58.0
169,SC,2021-01-10,1.0,1.0,1.0,9.0,0.0,13.0,44.0
170,SC,2021-01-11,1.0,6.0,1.0,8.0,1.0,24.0,90.0
171,SC,2021-01-12,1.0,1.0,1.0,11.0,1.0,21.0,72.0
25,SC,2021-01-13,6.0,1.0,1.0,7.0,4.0,13.0,64.0
172,SC,2021-01-14,4.0,4.0,6.0,9.0,6.0,19.0,86.0
173,SC,2021-01-15,1.0,1.0,5.0,10.0,5.0,12.0,69.0
26,SC,2021-01-16,1.0,1.0,6.0,9.0,1.0,14.0,51.0
174,SC,2021-01-17,1.0,0.0,1.0,5.0,1.0,13.0,52.0
175,SC,2021-01-18,1.0,0.0,6.0,8.0,1.0,13.0,61.0
27,SC,2021-01-19,1.0,1.0,1.0,6.0,1.0,10.0,55.0
420,SC,2021-01-20,0.0,1.0,1.0,9.0,5.0,10.0,62.0
28,SC,2021-01-21,0.0,6.0,5.0,8.0,1.0,8.0,67.0
176,SC,2021-01-22,1.0,4.0,1.0,13.0,1.0,13.0,65.0
389,SC,2021-01-23,0.0,1.0,1.0,0.0,1.0,11.0,35.0
507,SC,2021-01-24,0.0,1.0,0.0,4.0,1.0,14.0,35.0
177,SC,2021-01-25,1.0,1.0,1.0,13.0,0.0,11.0,63.0
390,SC,2021-01-26,0.0,1.0,1.0,8.0,4.0,16.0,64.0
178,SC,2021-01-27,1.0,1.0,1.0,9.0,1.0,10.0,46.0
421,SC,2021-01-28,0.0,1.0,5.0,4.0,1.0,11.0,58.0
422,SC,2021-01-29,0.0,4.0,1.0,6.0,4.0,16.0,60.0
179,SC,2021-01-30,1.0,1.0,1.0,4.0,1.0,6.0,35.0
423,SC,2021-01-31,0.0,1.0,1.0,1.0,0.0,4.0,26.0
29,SC,2021-02-01,1.0,5.0,1.0,6.0,1.0,5.0,40.0
180,SC,2021-02-02,1.0,0.0,1.0,5.0,1.0,7.0,40.0
181,SC,2021-02-03,1.0,4.0,1.0,1.0,5.0,10.0,47.0
424,SC,2021-02-04,0.0,1.0,1.0,4.0,4.0,10.0,44.0
182,SC,2021-02-05,1.0,1.0,1.0,4.0,1.0,12.0,46.0
183,SC,2021-02-06,1.0,1.0,1.0,1.0,1.0,10.0,27.0
391,SC,2021-02-07,0.0,6.0,1.0,1.0,1.0,7.0,34.0
184,SC,2021-02-08,1.0,4.0,1.0,1.0,1.0,6.0,39.0
185,SC,2021-02-09,1.0,1.0,0.0,7.0,5.0,4.0,41.0
186,SC,2021-02-10,1.0,1.0,0.0,1.0,1.0,17.0,40.0
187,SC,2021-02-11,1.0,1.0,1.0,5.0,1.0,10.0,47.0
425,SC,2021-02-12,0.0,1.0,1.0,1.0,1.0,8.0,34.0
519,SC,2021-02-13,0.0,1.0,0.0,1.0,1.0,4.0,20.0
30,SC,2021-02-14,1.0,1.0,1.0,1.0,0.0,8.0,23.0
426,SC,2021-02-15,0.0,0.0,1.0,5.0,1.0,9.0,38.0
31,SC,2021-02-16,1.0,4.0,1.0,1.0,1.0,1.0,26.0
427,SC,2021-02-17,0.0,1.0,0.0,4.0,1.0,12.0,34.0
428,SC,2021-02-18,0.0,1.0,1.0,1.0,4.0,8.0,34.0
429,SC,2021-02-19,0.0,1.0,1.0,6.0,1.0,6.0,27.0
430,SC,2021-02-20,0.0,0.0,1.0,1.0,1.0,5.0,20.0
32,SC,2021-02-21,0.0,0.0,0.0,1.0,1.0,7.0,20.0
188,SC,2021-02-22,1.0,1.0,1.0,1.0,1.0,9.0,32.0
431,SC,2021-02-23,0.0,4.0,1.0,1.0,1.0,7.0,31.0
520,SC,2021-02-24,0.0,1.0,1.0,1.0,1.0,6.0,24.0
33,SC,2021-02-25,0.0,1.0,1.0,1.0,0.0,4.0,18.0
189,SC,2021-02-26,1.0,0.0,1.0,0.0,1.0,7.0,25.0
432,SC,2021-02-27,0.0,1.0,1.0,1.0,1.0,1.0,16.0
433,SC,2021-02-28,0.0,4.0,0.0,1.0,1.0,5.0,18.0
190,SC,2021-03-01,1.0,4.0,1.0,1.0,1.0,5.0,24.0
34,SC,2021-03-02,1.0,1.0,0.0,1.0,1.0,6.0,24.0
585,SC,2021-03-03,0.0,0.0,0.0,0.0,4.0,4.0,22.0
612,SC,2021-03-04,0.0,1.0,1.0,1.0,1.0,1.0,10.0
434,SC,2021-03-05,0.0,1.0,1.0,0.0,0.0,4.0,18.0
435,SC,2021-03-06,0.0,1.0,0.0,1.0,0.0,1.0,10.0
436,SC,2021-03-07,0.0,0.0,1.0,1.0,1.0,1.0,9.0
437,SC,2021-03-08,0.0,1.0,0.0,1.0,1.0,1.0,12.0
438,SC,2021-03-09,0.0,0.0,0.0,1.0,0.0,1.0,12.0
191,SC,2021-03-10,1.0,1.0,0.0,1.0,0.0,1.0,15.0
192,SC,2021-03-11,1.0,0.0,0.0,1.0,0.0,0.0,11.0
439,SC,2021-03-12,0.0,0.0,0.0,0.0,1.0,1.0,21.0
521,SC,2021-03-13,0.0,1.0,0.0,0.0,0.0,1.0,10.0
193,SC,2021-03-14,1.0,0.0,0.0,4.0,0.0,1.0,12.0
508,SC,2021-03-15,0.0,0.0,0.0,1.0,1.0,1.0,14.0
194,SC,2021-03-16,1.0,1.0,0.0,1.0,0.0,5.0,13.0
35,SC,2021-03-17,1.0,0.0,0.0,1.0,1.0,6.0,17.0
195,SC,2021-03-18,1.0,0.0,0.0,0.0,1.0,4.0,17.0
586,SC,2021-03-19,0.0,0.0,0.0,0.0,1.0,6.0,16.0
196,SC,2021-03-20,1.0,0.0,1.0,1.0,1.0,1.0,17.0
522,SC,2021-03-21,0.0,0.0,0.0,1.0,0.0,1.0,7.0
523,SC,2021-03-22,0.0,1.0,1.0,1.0,1.0,7.0,26.0
197,SC,2021-03-23,1.0,0.0,0.0,6.0,1.0,4.0,18.0
500,SC,2021-03-24,0.0,1.0,1.0,1.0,1.0,1.0,16.0
440,SC,2021-03-25,0.0,0.0,0.0,1.0,1.0,5.0,16.0
524,SC,2021-03-26,0.0,1.0,1.0,6.0,0.0,1.0,17.0
198,SC,2021-03-27,1.0,0.0,1.0,1.0,1.0,4.0,15.0
587,SC,2021-03-28,0.0,1.0,0.0,1.0,1.0,1.0,13.0
588,SC,2021-03-29,0.0,1.0,0.0,1.0,0.0,1.0,11.0
525,SC,2021-03-30,0.0,1.0,1.0,1.0,1.0,6.0,18.0
441,SC,2021-03-31,0.0,0.0,0.0,1.0,1.0,6.0,16.0
36,SC,2021-04-01,0.0,0.0,1.0,4.0,1.0,4.0,19.0
199,SC,2021-04-02,1.0,0.0,4.0,1.0,1.0,1.0,15.0
200,SC,2021-04-03,1.0,0.0,0.0,4.0,0.0,1.0,11.0
37,SC,2021-04-04,0.0,1.0,0.0,1.0,0.0,1.0,11.0
201,SC,2021-04-05,1.0,1.0,0.0,1.0,1.0,6.0,25.0
202,SC,2021-04-06,1.0,0.0,1.0,1.0,1.0,7.0,17.0
613,SC,2021-04-07,0.0,1.0,1.0,1.0,1.0,1.0,9.0
589,SC,2021-04-08,0.0,0.0,1.0,1.0,1.0,6.0,15.0
38,SC,2021-04-09,0.0,1.0,1.0,0.0,1.0,1.0,13.0
203,SC,2021-04-10,1.0,1.0,0.0,0.0,1.0,5.0,11.0
658,SC,2021-04-11,0.0,0.0,0.0,0.0,1.0,1.0,8.0
204,SC,2021-04-12,1.0,1.0,1.0,1.0,1.0,1.0,10.0
526,SC,2021-04-13,0.0,1.0,1.0,1.0,1.0,1.0,13.0
205,SC,2021-04-14,1.0,1.0,0.0,4.0,1.0,1.0,18.0
39,SC,2021-04-15,1.0,1.0,1.0,1.0,1.0,1.0,12.0
206,SC,2021-04-16,1.0,0.0,0.0,1.0,1.0,6.0,15.0
501,SC,2021-04-17,0.0,0.0,0.0,0.0,1.0,1.0,8.0
678,SC,2021-04-18,0.0,0.0,0.0,1.0,1.0,1.0,7.0
527,SC,2021-04-19,0.0,1.0,0.0,1.0,1.0,1.0,12.0
207,SC,2021-04-20,1.0,1.0,1.0,0.0,1.0,7.0,18.0
208,SC,2021-04-21,1.0,0.0,0.0,0.0,1.0,1.0,10.0
442,SC,2021-04-22,0.0,1.0,1.0,1.0,1.0,6.0,17.0
443,SC,2021-04-23,0.0,0.0,0.0,1.0,1.0,1.0,10.0
646,SC,2021-04-24,0.0,0.0,0.0,1.0,1.0,5.0,14.0
209,SC,2021-04-25,1.0,0.0,0.0,1.0,1.0,1.0,8.0
590,SC,2021-04-26,0.0,1.0,0.0,1.0,1.0,1.0,13.0
528,SC,2021-04-27,0.0,1.0,0.0,4.0,1.0,1.0,17.0
444,SC,2021-04-28,0.0,1.0,0.0,1.0,1.0,1.0,11.0
445,SC,2021-04-29,0.0,0.0,0.0,0.0,1.0,4.0,10.0
591,SC,2021-04-30,0.0,0.0,0.0,1.0,1.0,1.0,4.0
446,SC,2021-05-01,0.0,0.0,0.0,1.0,1.0,5.0,11.0
627,SC,2021-05-02,0.0,0.0,1.0,1.0,1.0,0.0,8.0
210,SC,2021-05-03,1.0,0.0,1.0,1.0,0.0,1.0,10.0
614,SC,2021-05-04,0.0,1.0,1.0,1.0,0.0,1.0,9.0
211,SC,2021-05-05,1.0,1.0,0.0,1.0,0.0,1.0,9.0
447,SC,2021-05-06,0.0,0.0,0.0,1.0,0.0,1.0,8.0
448,SC,2021-05-07,0.0,1.0,0.0,4.0,1.0,1.0,13.0
392,SC,2021-05-08,0.0,1.0,0.0,1.0,0.0,1.0,7.0
628,SC,2021-05-09,0.0,0.0,1.0,1.0,1.0,1.0,8.0
212,SC,2021-05-10,1.0,0.0,1.0,0.0,1.0,6.0,14.0
449,SC,2021-05-11,0.0,1.0,0.0,1.0,0.0,1.0,8.0
213,SC,2021-05-12,1.0,0.0,0.0,1.0,0.0,4.0,12.0
214,SC,2021-05-13,1.0,1.0,0.0,0.0,0.0,1.0,9.0
450,SC,2021-05-14,0.0,0.0,1.0,1.0,0.0,0.0,9.0
451,SC,2021-05-15,0.0,0.0,1.0,1.0,0.0,1.0,8.0
452,SC,2021-05-16,0.0,0.0,0.0,0.0,0.0,1.0,6.0
453,SC,2021-05-17,0.0,0.0,0.0,0.0,0.0,1.0,5.0
215,SC,2021-05-18,1.0,1.0,1.0,0.0,0.0,1.0,10.0
529,SC,2021-05-19,0.0,0.0,1.0,1.0,1.0,1.0,12.0
216,SC,2021-05-20,1.0,0.0,1.0,0.0,0.0,0.0,3.0
530,SC,2021-05-21,0.0,0.0,1.0,0.0,0.0,1.0,6.0
531,SC,2021-05-22,0.0,0.0,1.0,1.0,1.0,0.0,8.0
217,SC,2021-05-23,1.0,0.0,0.0,0.0,0.0,1.0,6.0
218,SC,2021-05-24,1.0,0.0,0.0,0.0,0.0,1.0,3.0
532,SC,2021-05-25,0.0,0.0,0.0,0.0,0.0,1.0,6.0
615,SC,2021-05-26,0.0,1.0,0.0,0.0,1.0,0.0,6.0
454,SC,2021-05-27,0.0,0.0,1.0,0.0,1.0,1.0,8.0
219,SC,2021-05-28,1.0,1.0,0.0,0.0,1.0,0.0,7.0
714,SC,2021-05-29,0.0,0.0,0.0,0.0,0.0,1.0,1.0
629,SC,2021-05-30,0.0,0.0,1.0,0.0,0.0,1.0,3.0
40,SC,2021-05-31,0.0,0.0,0.0,1.0,0.0,0.0,4.0
455,SC,2021-06-01,0.0,0.0,0.0,1.0,0.0,1.0,7.0
220,SC,2021-06-02,1.0,0.0,0.0,0.0,1.0,1.0,9.0
221,SC,2021-06-03,1.0,1.0,0.0,0.0,1.0,1.0,8.0
653,SC,2021-06-04,0.0,0.0,0.0,1.0,1.0,0.0,6.0
393,SC,2021-06-05,0.0,0.0,0.0,0.0,0.0,1.0,7.0
222,SC,2021-06-06,1.0,0.0,0.0,0.0,1.0,1.0,7.0
456,SC,2021-06-07,0.0,0.0,1.0,0.0,0.0,0.0,7.0
533,SC,2021-06-08,0.0,0.0,0.0,1.0,0.0,1.0,3.0
592,SC,2021-06-09,0.0,0.0,0.0,1.0,0.0,0.0,4.0
534,SC,2021-06-10,0.0,0.0,0.0,0.0,0.0,0.0,3.0
641,SC,2021-06-11,0.0,0.0,0.0,0.0,0.0,1.0,7.0
535,SC,2021-06-12,0.0,0.0,0.0,0.0,0.0,1.0,2.0
642,SC,2021-06-13,0.0,0.0,0.0,1.0,1.0,1.0,5.0
691,SC,2021-06-15,0.0,0.0,0.0,0.0,0.0,0.0,2.0
593,SC,2021-06-16,0.0,0.0,1.0,0.0,0.0,0.0,7.0
630,SC,2021-06-17,0.0,0.0,1.0,0.0,0.0,0.0,3.0
654,SC,2021-06-18,0.0,0.0,0.0,0.0,1.0,0.0,5.0
457,SC,2021-06-19,0.0,0.0,0.0,0.0,0.0,0.0,1.0
679,SC,2021-06-20,0.0,0.0,0.0,1.0,0.0,1.0,3.0
692,SC,2021-06-21,0.0,0.0,0.0,0.0,0.0,0.0,1.0
594,SC,2021-06-22,0.0,0.0,0.0,1.0,0.0,0.0,3.0
659,SC,2021-06-23,0.0,0.0,0.0,0.0,0.0,1.0,5.0
700,SC,2021-06-24,0.0,0.0,0.0,0.0,0.0,0.0,1.0
595,SC,2021-06-25,0.0,0.0,0.0,0.0,0.0,0.0,5.0
680,SC,2021-06-26,0.0,0.0,0.0,1.0,0.0,0.0,1.0
694,SC,2021-06-27,0.0,0.0,0.0,0.0,1.0,1.0,2.0
660,SC,2021-06-28,0.0,0.0,0.0,0.0,0.0,1.0,4.0
596,SC,2021-06-29,0.0,0.0,0.0,0.0,0.0,0.0,4.0
712,SC,2021-06-30,0.0,0.0,0.0,0.0,0.0,0.0,1.0
536,SC,2021-07-01,0.0,1.0,0.0,0.0,0.0,0.0,4.0
631,SC,2021-07-02,0.0,0.0,1.0,0.0,0.0,1.0,3.0
502,SC,2021-07-03,0.0,0.0,1.0,0.0,0.0,1.0,9.0
597,SC,2021-07-04,0.0,0.0,1.0,0.0,1.0,0.0,6.0
661,SC,2021-07-05,0.0,0.0,0.0,0.0,1.0,0.0,2.0
458,SC,2021-07-06,0.0,0.0,0.0,1.0,0.0,1.0,7.0
650,SC,2021-07-07,0.0,0.0,0.0,0.0,0.0,0.0,3.0
598,SC,2021-07-08,0.0,1.0,0.0,0.0,1.0,0.0,5.0
662,SC,2021-07-09,0.0,0.0,0.0,1.0,0.0,0.0,3.0
459,SC,2021-07-10,0.0,1.0,1.0,0.0,1.0,0.0,6.0
41,SC,2021-07-11,0.0,1.0,0.0,1.0,0.0,1.0,8.0
663,SC,2021-07-12,0.0,0.0,0.0,0.0,0.0,1.0,3.0
632,SC,2021-07-13,0.0,0.0,1.0,1.0,1.0,1.0,6.0
223,SC,2021-07-14,1.0,1.0,0.0,0.0,1.0,1.0,8.0
509,SC,2021-07-15,0.0,0.0,0.0,0.0,1.0,1.0,6.0
537,SC,2021-07-16,0.0,1.0,1.0,0.0,1.0,1.0,11.0
701,SC,2021-07-17,0.0,0.0,0.0,0.0,0.0,4.0,6.0
394,SC,2021-07-18,0.0,0.0,0.0,0.0,0.0,1.0,5.0
224,SC,2021-07-19,1.0,0.0,1.0,0.0,1.0,1.0,8.0
395,SC,2021-07-20,0.0,0.0,1.0,1.0,4.0,1.0,11.0
599,SC,2021-07-21,0.0,1.0,1.0,1.0,4.0,4.0,18.0
225,SC,2021-07-22,1.0,0.0,1.0,1.0,1.0,0.0,10.0
226,SC,2021-07-23,1.0,0.0,0.0,0.0,1.0,1.0,7.0
460,SC,2021-07-24,0.0,0.0,1.0,1.0,1.0,5.0,16.0
510,SC,2021-07-25,0.0,1.0,1.0,0.0,0.0,4.0,16.0
227,SC,2021-07-26,1.0,0.0,1.0,1.0,5.0,4.0,25.0
228,SC,2021-07-27,1.0,1.0,1.0,0.0,0.0,4.0,14.0
229,SC,2021-07-28,1.0,1.0,1.0,1.0,7.0,6.0,28.0
230,SC,2021-07-29,1.0,0.0,1.0,4.0,0.0,7.0,26.0
231,SC,2021-07-30,1.0,4.0,1.0,1.0,4.0,8.0,31.0
232,SC,2021-07-31,1.0,1.0,1.0,1.0,1.0,1.0,18.0
233,SC,2021-08-01,1.0,1.0,1.0,1.0,1.0,7.0,24.0
234,SC,2021-08-02,1.0,1.0,1.0,4.0,1.0,7.0,29.0
235,SC,2021-08-03,1.0,1.0,0.0,0.0,4.0,10.0,28.0
236,SC,2021-08-04,1.0,1.0,1.0,1.0,1.0,8.0,29.0
42,SC,2021-08-05,1.0,0.0,1.0,1.0,4.0,6.0,32.0
237,SC,2021-08-06,1.0,1.0,0.0,1.0,4.0,8.0,35.0
238,SC,2021-08-07,1.0,0.0,1.0,1.0,4.0,9.0,35.0
239,SC,2021-08-08,1.0,1.0,4.0,0.0,1.0,10.0,29.0
240,SC,2021-08-09,1.0,1.0,1.0,1.0,1.0,11.0,30.0
241,SC,2021-08-10,1.0,0.0,1.0,1.0,1.0,15.0,40.0
242,SC,2021-08-11,1.0,1.0,0.0,5.0,1.0,15.0,48.0
243,SC,2021-08-12,1.0,0.0,4.0,1.0,1.0,12.0,39.0
244,SC,2021-08-13,4.0,1.0,1.0,9.0,6.0,14.0,65.0
245,SC,2021-08-14,4.0,6.0,1.0,6.0,4.0,16.0,60.0
246,SC,2021-08-15,1.0,1.0,1.0,5.0,1.0,18.0,46.0
247,SC,2021-08-16,5.0,4.0,1.0,8.0,4.0,13.0,70.0
248,SC,2021-08-17,1.0,1.0,1.0,9.0,4.0,15.0,55.0
249,SC,2021-08-18,1.0,1.0,4.0,4.0,7.0,19.0,59.0
250,SC,2021-08-19,1.0,1.0,6.0,5.0,1.0,16.0,61.0
251,SC,2021-08-20,4.0,5.0,6.0,4.0,4.0,15.0,65.0
252,SC,2021-08-21,6.0,7.0,1.0,1.0,7.0,19.0,73.0
253,SC,2021-08-22,1.0,4.0,4.0,5.0,4.0,11.0,52.0
254,SC,2021-08-23,6.0,1.0,4.0,7.0,6.0,21.0,75.0
255,SC,2021-08-24,8.0,1.0,7.0,6.0,10.0,11.0,78.0
256,SC,2021-08-25,5.0,5.0,1.0,8.0,5.0,16.0,75.0
257,SC,2021-08-26,6.0,1.0,7.0,1.0,8.0,22.0,72.0
258,SC,2021-08-27,1.0,14.0,5.0,7.0,1.0,16.0,85.0
259,SC,2021-08-28,1.0,4.0,6.0,1.0,1.0,14.0,59.0
260,SC,2021-08-29,1.0,6.0,4.0,4.0,1.0,12.0,51.0
261,SC,2021-08-30,7.0,4.0,7.0,5.0,5.0,16.0,82.0
43,SC,2021-08-31,1.0,8.0,5.0,9.0,1.0,20.0,79.0
262,SC,2021-09-01,6.0,9.0,9.0,4.0,8.0,19.0,105.0
263,SC,2021-09-02,5.0,6.0,6.0,4.0,5.0,17.0,84.0
264,SC,2021-09-03,6.0,5.0,8.0,10.0,4.0,23.0,94.0
265,SC,2021-09-04,5.0,1.0,6.0,5.0,1.0,19.0,73.0
266,SC,2021-09-05,4.0,5.0,11.0,7.0,1.0,28.0,95.0
267,SC,2021-09-06,5.0,5.0,6.0,6.0,1.0,21.0,69.0
268,SC,2021-09-07,5.0,1.0,6.0,7.0,4.0,22.0,85.0
44,SC,2021-09-08,4.0,5.0,8.0,11.0,1.0,27.0,87.0
269,SC,2021-09-09,1.0,7.0,7.0,4.0,4.0,30.0,97.0
45,SC,2021-09-10,6.0,1.0,1.0,7.0,4.0,22.0,85.0
270,SC,2021-09-11,7.0,1.0,4.0,6.0,0.0,19.0,68.0
271,SC,2021-09-12,5.0,4.0,5.0,4.0,5.0,14.0,85.0
272,SC,2021-09-13,6.0,5.0,6.0,9.0,0.0,24.0,86.0
273,SC,2021-09-14,1.0,1.0,4.0,6.0,5.0,18.0,59.0
274,SC,2021-09-15,1.0,1.0,5.0,1.0,7.0,20.0,64.0
46,SC,2021-09-16,1.0,1.0,6.0,4.0,8.0,26.0,78.0
275,SC,2021-09-17,1.0,0.0,8.0,8.0,1.0,31.0,74.0
276,SC,2021-09-18,5.0,1.0,1.0,6.0,5.0,13.0,50.0
277,SC,2021-09-19,1.0,6.0,8.0,4.0,1.0,19.0,56.0
461,SC,2021-09-20,0.0,1.0,5.0,4.0,6.0,10.0,48.0
278,SC,2021-09-21,9.0,1.0,1.0,4.0,5.0,21.0,62.0
47,SC,2021-09-22,4.0,1.0,5.0,4.0,5.0,31.0,81.0
279,SC,2021-09-23,1.0,1.0,5.0,6.0,6.0,15.0,58.0
280,SC,2021-09-24,1.0,1.0,1.0,5.0,1.0,12.0,40.0
281,SC,2021-09-25,1.0,0.0,4.0,5.0,1.0,10.0,37.0
282,SC,2021-09-26,1.0,4.0,1.0,1.0,1.0,9.0,32.0
283,SC,2021-09-27,1.0,1.0,5.0,5.0,1.0,17.0,49.0
284,SC,2021-09-28,1.0,1.0,4.0,5.0,6.0,10.0,49.0
285,SC,2021-09-29,4.0,1.0,6.0,5.0,1.0,14.0,58.0
286,SC,2021-09-30,1.0,4.0,9.0,4.0,1.0,10.0,53.0
287,SC,2021-10-01,6.0,1.0,1.0,4.0,6.0,11.0,47.0
288,SC,2021-10-02,1.0,1.0,1.0,6.0,1.0,13.0,39.0
289,SC,2021-10-03,1.0,4.0,1.0,1.0,1.0,7.0,28.0
290,SC,2021-10-04,1.0,1.0,1.0,4.0,4.0,6.0,38.0
48,SC,2021-10-05,1.0,1.0,1.0,6.0,0.0,6.0,34.0
49,SC,2021-10-06,7.0,6.0,4.0,5.0,4.0,7.0,47.0
291,SC,2021-10-07,5.0,1.0,1.0,1.0,1.0,10.0,32.0
292,SC,2021-10-08,4.0,1.0,1.0,1.0,1.0,9.0,31.0
293,SC,2021-10-09,1.0,0.0,1.0,1.0,1.0,9.0,23.0
294,SC,2021-10-10,1.0,1.0,1.0,0.0,0.0,4.0,18.0
50,SC,2021-10-11,1.0,1.0,1.0,4.0,1.0,1.0,19.0
51,SC,2021-10-12,1.0,0.0,0.0,4.0,0.0,7.0,28.0
295,SC,2021-10-13,1.0,0.0,4.0,6.0,1.0,7.0,26.0
462,SC,2021-10-14,0.0,1.0,1.0,4.0,1.0,1.0,22.0
296,SC,2021-10-15,1.0,0.0,5.0,7.0,1.0,1.0,25.0
538,SC,2021-10-16,0.0,1.0,1.0,1.0,1.0,4.0,21.0
297,SC,2021-10-17,1.0,1.0,0.0,1.0,1.0,5.0,18.0
463,SC,2021-10-18,0.0,1.0,1.0,1.0,1.0,7.0,23.0
464,SC,2021-10-19,0.0,0.0,0.0,1.0,0.0,1.0,13.0
539,SC,2021-10-20,0.0,0.0,1.0,4.0,1.0,4.0,18.0
465,SC,2021-10-21,0.0,1.0,0.0,1.0,1.0,8.0,20.0
633,SC,2021-10-22,0.0,0.0,1.0,1.0,0.0,1.0,13.0
298,SC,2021-10-23,1.0,0.0,1.0,1.0,0.0,0.0,9.0
634,SC,2021-10-24,0.0,0.0,1.0,0.0,0.0,10.0,15.0
616,SC,2021-10-25,0.0,1.0,1.0,0.0,0.0,1.0,10.0
540,SC,2021-10-26,0.0,1.0,4.0,1.0,1.0,8.0,21.0
52,SC,2021-10-27,0.0,1.0,1.0,1.0,1.0,1.0,14.0
541,SC,2021-10-28,0.0,0.0,0.0,1.0,0.0,4.0,10.0
466,SC,2021-10-29,0.0,0.0,0.0,1.0,1.0,7.0,18.0
467,SC,2021-10-30,0.0,0.0,0.0,1.0,0.0,1.0,10.0
468,SC,2021-10-31,0.0,0.0,1.0,1.0,1.0,1.0,11.0
469,SC,2021-11-01,0.0,0.0,0.0,1.0,0.0,1.0,9.0
470,SC,2021-11-02,0.0,1.0,1.0,1.0,1.0,5.0,16.0
542,SC,2021-11-03,0.0,1.0,0.0,1.0,1.0,4.0,13.0
471,SC,2021-11-04,0.0,1.0,1.0,1.0,1.0,5.0,17.0
600,SC,2021-11-05,0.0,6.0,0.0,0.0,0.0,0.0,13.0
299,SC,2021-11-06,1.0,1.0,1.0,0.0,1.0,5.0,16.0
543,SC,2021-11-07,0.0,0.0,1.0,1.0,0.0,5.0,13.0
601,SC,2021-11-08,0.0,0.0,0.0,1.0,1.0,4.0,15.0
617,SC,2021-11-09,0.0,1.0,1.0,1.0,0.0,5.0,15.0
472,SC,2021-11-10,0.0,0.0,1.0,1.0,1.0,6.0,14.0
300,SC,2021-11-11,1.0,0.0,0.0,0.0,0.0,0.0,3.0
503,SC,2021-11-12,0.0,1.0,0.0,1.0,0.0,1.0,13.0
602,SC,2021-11-13,0.0,1.0,1.0,0.0,0.0,1.0,10.0
618,SC,2021-11-14,0.0,1.0,0.0,0.0,0.0,1.0,3.0
473,SC,2021-11-15,0.0,0.0,1.0,1.0,0.0,7.0,15.0
474,SC,2021-11-16,0.0,1.0,1.0,1.0,1.0,1.0,11.0
475,SC,2021-11-17,0.0,0.0,1.0,0.0,0.0,1.0,7.0
544,SC,2021-11-18,0.0,1.0,1.0,0.0,1.0,1.0,11.0
301,SC,2021-11-19,1.0,1.0,1.0,1.0,0.0,1.0,10.0
635,SC,2021-11-20,0.0,0.0,1.0,1.0,1.0,5.0,12.0
302,SC,2021-11-21,1.0,1.0,1.0,1.0,0.0,1.0,14.0
303,SC,2021-11-22,1.0,0.0,1.0,0.0,0.0,0.0,6.0
304,SC,2021-11-23,1.0,0.0,1.0,1.0,1.0,5.0,15.0
305,SC,2021-11-24,1.0,0.0,0.0,1.0,0.0,1.0,8.0
306,SC,2021-11-25,1.0,0.0,1.0,1.0,0.0,1.0,8.0
307,SC,2021-11-26,1.0,1.0,0.0,1.0,1.0,1.0,8.0
308,SC,2021-11-27,1.0,1.0,1.0,0.0,1.0,1.0,11.0
476,SC,2021-11-28,0.0,0.0,1.0,0.0,0.0,1.0,7.0
477,SC,2021-11-29,0.0,1.0,0.0,1.0,0.0,1.0,9.0
309,SC,2021-11-30,1.0,0.0,1.0,1.0,0.0,1.0,9.0
310,SC,2021-12-01,1.0,1.0,1.0,0.0,0.0,4.0,14.0
311,SC,2021-12-02,1.0,1.0,1.0,1.0,0.0,5.0,15.0
545,SC,2021-12-03,0.0,0.0,1.0,0.0,1.0,4.0,10.0
478,SC,2021-12-04,0.0,0.0,0.0,0.0,0.0,1.0,8.0
312,SC,2021-12-05,1.0,0.0,1.0,1.0,1.0,1.0,13.0
313,SC,2021-12-06,1.0,1.0,0.0,0.0,1.0,1.0,15.0
314,SC,2021-12-07,1.0,1.0,0.0,0.0,0.0,4.0,13.0
315,SC,2021-12-08,1.0,1.0,1.0,1.0,0.0,1.0,9.0
479,SC,2021-12-09,0.0,0.0,1.0,0.0,1.0,4.0,14.0
480,SC,2021-12-10,0.0,1.0,0.0,1.0,0.0,1.0,13.0
546,SC,2021-12-11,0.0,0.0,1.0,1.0,0.0,1.0,12.0
316,SC,2021-12-12,1.0,1.0,0.0,1.0,1.0,0.0,18.0
481,SC,2021-12-13,0.0,1.0,0.0,1.0,0.0,5.0,16.0
317,SC,2021-12-14,1.0,0.0,0.0,1.0,0.0,9.0,18.0
482,SC,2021-12-15,0.0,1.0,1.0,1.0,0.0,1.0,11.0
318,SC,2021-12-16,1.0,0.0,0.0,1.0,1.0,4.0,12.0
483,SC,2021-12-17,0.0,0.0,1.0,1.0,1.0,1.0,10.0
319,SC,2021-12-18,1.0,1.0,1.0,1.0,0.0,4.0,15.0
320,SC,2021-12-19,1.0,0.0,0.0,1.0,1.0,4.0,13.0
321,SC,2021-12-20,1.0,0.0,1.0,1.0,1.0,1.0,16.0
322,SC,2021-12-21,1.0,0.0,1.0,1.0,0.0,1.0,12.0
323,SC,2021-12-22,1.0,1.0,1.0,1.0,1.0,4.0,18.0
324,SC,2021-12-23,1.0,1.0,1.0,4.0,1.0,1.0,19.0
325,SC,2021-12-24,1.0,0.0,1.0,1.0,4.0,1.0,14.0
326,SC,2021-12-25,1.0,0.0,0.0,1.0,1.0,6.0,14.0
327,SC,2021-12-26,1.0,1.0,1.0,1.0,1.0,1.0,13.0
328,SC,2021-12-27,1.0,1.0,1.0,4.0,0.0,7.0,25.0
329,SC,2021-12-28,1.0,1.0,0.0,1.0,1.0,9.0,28.0
53,SC,2021-12-29,1.0,1.0,1.0,4.0,1.0,7.0,31.0
330,SC,2021-12-30,1.0,1.0,4.0,1.0,1.0,5.0,30.0
331,SC,2021-12-31,4.0,5.0,1.0,5.0,1.0,10.0,44.0
484,SC,2022-01-01,0.0,1.0,1.0,4.0,1.0,7.0,45.0
332,SC,2022-01-02,1.0,5.0,4.0,6.0,1.0,1.0,38.0
333,SC,2022-01-03,1.0,5.0,0.0,7.0,0.0,7.0,47.0
334,SC,2022-01-04,1.0,1.0,1.0,0.0,1.0,8.0,45.0
335,SC,2022-01-05,1.0,1.0,1.0,1.0,5.0,14.0,47.0
336,SC,2022-01-06,1.0,1.0,4.0,9.0,4.0,8.0,57.0
485,SC,2022-01-07,0.0,1.0,4.0,5.0,1.0,11.0,46.0
337,SC,2022-01-08,1.0,1.0,6.0,6.0,1.0,7.0,45.0
338,SC,2022-01-09,6.0,1.0,0.0,7.0,1.0,11.0,46.0
54,SC,2022-01-10,1.0,1.0,5.0,4.0,4.0,14.0,58.0
55,SC,2022-01-11,1.0,6.0,5.0,4.0,1.0,11.0,60.0
56,SC,2022-01-12,1.0,1.0,4.0,8.0,1.0,11.0,56.0
57,SC,2022-01-13,1.0,1.0,1.0,11.0,7.0,18.0,66.0
339,SC,2022-01-14,1.0,1.0,6.0,7.0,1.0,16.0,54.0
340,SC,2022-01-15,1.0,1.0,6.0,6.0,1.0,9.0,47.0
341,SC,2022-01-16,1.0,1.0,1.0,1.0,4.0,9.0,37.0
342,SC,2022-01-17,1.0,5.0,0.0,1.0,8.0,11.0,62.0
343,SC,2022-01-18,5.0,5.0,4.0,12.0,4.0,16.0,73.0
344,SC,2022-01-19,1.0,1.0,4.0,9.0,1.0,16.0,75.0
486,SC,2022-01-20,0.0,1.0,1.0,4.0,5.0,18.0,69.0
396,SC,2022-01-21,0.0,4.0,1.0,7.0,1.0,13.0,68.0
345,SC,2022-01-22,1.0,1.0,1.0,1.0,1.0,14.0,46.0
346,SC,2022-01-23,1.0,4.0,7.0,7.0,1.0,9.0,62.0
347,SC,2022-01-24,1.0,4.0,5.0,1.0,1.0,16.0,73.0
397,SC,2022-01-25,0.0,1.0,1.0,6.0,1.0,15.0,60.0
348,SC,2022-01-26,1.0,4.0,1.0,9.0,1.0,12.0,57.0
349,SC,2022-01-27,1.0,4.0,1.0,4.0,1.0,9.0,51.0
58,SC,2022-01-28,1.0,1.0,1.0,6.0,1.0,10.0,47.0
350,SC,2022-01-29,1.0,1.0,1.0,1.0,1.0,11.0,35.0
351,SC,2022-01-30,1.0,4.0,1.0,0.0,4.0,14.0,37.0
352,SC,2022-01-31,1.0,1.0,1.0,5.0,1.0,11.0,41.0
547,SC,2022-02-01,0.0,1.0,1.0,4.0,1.0,10.0,56.0
59,SC,2022-02-02,1.0,1.0,1.0,7.0,4.0,7.0,57.0
353,SC,2022-02-03,1.0,1.0,1.0,6.0,6.0,10.0,43.0
354,SC,2022-02-04,1.0,4.0,1.0,7.0,1.0,8.0,35.0
548,SC,2022-02-05,0.0,1.0,1.0,1.0,1.0,9.0,21.0
355,SC,2022-02-06,1.0,1.0,1.0,1.0,1.0,4.0,22.0
487,SC,2022-02-07,0.0,1.0,1.0,4.0,1.0,7.0,32.0
356,SC,2022-02-08,1.0,1.0,5.0,4.0,1.0,15.0,40.0
357,SC,2022-02-09,1.0,1.0,0.0,0.0,1.0,5.0,22.0
358,SC,2022-02-10,1.0,1.0,1.0,1.0,1.0,5.0,26.0
60,SC,2022-02-11,1.0,1.0,1.0,1.0,0.0,6.0,24.0
488,SC,2022-02-12,0.0,0.0,1.0,1.0,0.0,7.0,24.0
359,SC,2022-02-13,1.0,1.0,1.0,0.0,1.0,1.0,14.0
360,SC,2022-02-14,1.0,1.0,1.0,1.0,1.0,9.0,27.0
489,SC,2022-02-15,0.0,0.0,0.0,1.0,1.0,5.0,16.0
549,SC,2022-02-16,0.0,1.0,1.0,1.0,1.0,6.0,24.0
603,SC,2022-02-17,0.0,1.0,1.0,1.0,1.0,5.0,17.0
361,SC,2022-02-18,1.0,1.0,1.0,1.0,1.0,6.0,17.0
490,SC,2022-02-19,0.0,1.0,1.0,1.0,0.0,1.0,15.0
362,SC,2022-02-20,1.0,0.0,1.0,0.0,0.0,1.0,10.0
363,SC,2022-02-21,1.0,1.0,1.0,1.0,0.0,4.0,14.0
364,SC,2022-02-22,1.0,0.0,0.0,1.0,1.0,1.0,14.0
398,SC,2022-02-23,0.0,0.0,1.0,0.0,1.0,1.0,11.0
604,SC,2022-02-24,0.0,0.0,1.0,1.0,1.0,1.0,11.0
605,SC,2022-02-25,0.0,1.0,1.0,1.0,1.0,1.0,10.0
550,SC,2022-02-26,0.0,1.0,0.0,1.0,0.0,1.0,8.0
551,SC,2022-02-27,0.0,0.0,0.0,1.0,0.0,1.0,6.0
365,SC,2022-02-28,1.0,1.0,0.0,0.0,0.0,1.0,8.0
552,SC,2022-03-01,0.0,1.0,0.0,4.0,0.0,1.0,11.0
636,SC,2022-03-02,0.0,0.0,1.0,1.0,1.0,1.0,7.0
366,SC,2022-03-03,1.0,0.0,0.0,1.0,0.0,1.0,7.0
619,SC,2022-03-04,0.0,1.0,0.0,1.0,0.0,1.0,6.0
367,SC,2022-03-05,1.0,0.0,0.0,0.0,0.0,1.0,7.0
643,SC,2022-03-06,0.0,0.0,0.0,1.0,0.0,0.0,3.0
491,SC,2022-03-07,0.0,0.0,1.0,0.0,1.0,1.0,6.0
647,SC,2022-03-08,0.0,0.0,0.0,0.0,0.0,0.0,3.0
492,SC,2022-03-09,0.0,0.0,0.0,0.0,0.0,1.0,5.0
704,SC,2022-03-10,0.0,0.0,0.0,0.0,0.0,1.0,3.0
493,SC,2022-03-11,0.0,0.0,0.0,0.0,0.0,1.0,5.0
681,SC,2022-03-12,0.0,0.0,0.0,1.0,0.0,0.0,3.0
655,SC,2022-03-13,0.0,0.0,0.0,0.0,0.0,0.0,3.0
695,SC,2022-03-14,0.0,0.0,0.0,0.0,1.0,0.0,4.0
494,SC,2022-03-15,0.0,0.0,0.0,1.0,0.0,0.0,4.0
674,SC,2022-03-16,0.0,0.0,0.0,0.0,0.0,1.0,2.0
682,SC,2022-03-17,0.0,0.0,0.0,1.0,1.0,1.0,4.0
664,SC,2022-03-18,0.0,0.0,0.0,0.0,0.0,1.0,2.0
683,SC,2022-03-19,0.0,0.0,0.0,1.0,0.0,0.0,1.0
651,SC,2022-03-20,0.0,0.0,0.0,0.0,0.0,0.0,1.0
606,SC,2022-03-21,0.0,0.0,0.0,1.0,0.0,0.0,2.0
368,SC,2022-03-22,1.0,0.0,0.0,0.0,0.0,1.0,5.0
706,SC,2022-03-23,0.0,0.0,0.0,0.0,0.0,0.0,2.0
715,SC,2022-03-24,0.0,0.0,0.0,0.0,0.0,1.0,1.0
684,SC,2022-03-25,0.0,0.0,0.0,1.0,0.0,0.0,1.0
696,SC,2022-03-26,0.0,0.0,0.0,0.0,1.0,1.0,2.0
693,SC,2022-03-28,0.0,0.0,0.0,0.0,0.0,1.0,2.0
369,SC,2022-03-29,1.0,0.0,1.0,0.0,0.0,0.0,2.0
685,SC,2022-03-30,0.0,0.0,0.0,1.0,0.0,0.0,1.0
370,SC,2022-03-31,1.0,0.0,0.0,1.0,0.0,1.0,5.0
656,SC,2022-04-01,0.0,0.0,0.0,0.0,0.0,0.0,2.0
644,SC,2022-04-04,0.0,0.0,0.0,0.0,0.0,1.0,3.0
697,SC,2022-04-05,0.0,0.0,0.0,0.0,1.0,0.0,2.0
637,SC,2022-04-06,0.0,0.0,1.0,0.0,0.0,0.0,2.0
669,SC,2022-04-07,0.0,0.0,0.0,0.0,1.0,0.0,2.0
648,SC,2022-04-08,0.0,0.0,0.0,0.0,0.0,0.0,1.0
671,SC,2022-04-09,0.0,0.0,0.0,0.0,0.0,0.0,2.0
638,SC,2022-04-10,0.0,0.0,1.0,0.0,0.0,0.0,1.0
707,SC,2022-04-12,0.0,0.0,0.0,0.0,0.0,0.0,2.0
709,SC,2022-04-13,0.0,0.0,0.0,0.0,0.0,0.0,1.0
620,SC,2022-04-16,0.0,1.0,1.0,0.0,0.0,0.0,2.0
686,SC,2022-04-18,0.0,0.0,0.0,1.0,0.0,0.0,1.0
675,SC,2022-04-19,0.0,0.0,0.0,0.0,0.0,0.0,1.0
553,SC,2022-04-20,0.0,0.0,0.0,0.0,0.0,0.0,1.0
676,SC,2022-04-21,0.0,0.0,0.0,0.0,0.0,0.0,3.0
702,SC,2022-04-23,0.0,0.0,0.0,0.0,0.0,0.0,1.0
687,SC,2022-04-24,0.0,0.0,0.0,1.0,0.0,0.0,1.0
554,SC,2022-04-25,0.0,0.0,0.0,0.0,0.0,0.0,5.0
371,SC,2022-04-27,1.0,0.0,1.0,0.0,1.0,0.0,3.0
639,SC,2022-04-28,0.0,0.0,1.0,1.0,0.0,1.0,3.0
672,SC,2022-04-29,0.0,0.0,0.0,0.0,0.0,1.0,3.0
673,SC,2022-04-30,0.0,0.0,0.0,0.0,0.0,0.0,1.0
688,SC,2022-05-01,0.0,0.0,0.0,1.0,0.0,1.0,2.0
621,SC,2022-05-02,0.0,1.0,0.0,0.0,0.0,0.0,2.0
705,SC,2022-05-03,0.0,0.0,0.0,0.0,0.0,1.0,2.0
607,SC,2022-05-04,0.0,0.0,0.0,0.0,1.0,0.0,4.0
698,SC,2022-05-05,0.0,0.0,0.0,0.0,1.0,0.0,1.0
689,SC,2022-05-06,0.0,0.0,0.0,1.0,1.0,0.0,3.0
716,SC,2022-05-08,0.0,0.0,0.0,0.0,0.0,1.0,1.0
555,SC,2022-05-09,0.0,0.0,0.0,1.0,0.0,0.0,5.0
665,SC,2022-05-10,0.0,0.0,0.0,1.0,0.0,0.0,3.0
556,SC,2022-05-11,0.0,0.0,0.0,1.0,1.0,0.0,3.0
372,SC,2022-05-12,1.0,0.0,0.0,0.0,0.0,0.0,5.0
557,SC,2022-05-13,0.0,0.0,0.0,1.0,0.0,0.0,2.0
645,SC,2022-05-14,0.0,0.0,0.0,1.0,1.0,1.0,6.0
622,SC,2022-05-15,0.0,1.0,0.0,1.0,0.0,1.0,3.0
558,SC,2022-05-16,0.0,1.0,0.0,0.0,0.0,1.0,7.0
373,SC,2022-05-17,1.0,1.0,0.0,1.0,0.0,0.0,6.0
399,SC,2022-05-18,0.0,0.0,0.0,0.0,0.0,0.0,4.0
666,SC,2022-05-19,0.0,0.0,0.0,1.0,1.0,0.0,4.0
710,SC,2022-05-20,0.0,0.0,0.0,0.0,0.0,0.0,1.0
559,SC,2022-05-21,0.0,0.0,0.0,0.0,1.0,0.0,3.0
717,SC,2022-05-22,0.0,0.0,0.0,0.0,0.0,0.0,1.0
560,SC,2022-05-23,0.0,0.0,0.0,1.0,1.0,1.0,6.0
561,SC,2022-05-24,0.0,0.0,0.0,0.0,0.0,1.0,3.0
400,SC,2022-05-25,0.0,0.0,0.0,0.0,0.0,0.0,4.0
713,SC,2022-05-26,0.0,0.0,0.0,0.0,0.0,1.0,2.0
690,SC,2022-05-27,0.0,0.0,0.0,0.0,1.0,1.0,4.0
623,SC,2022-05-28,0.0,1.0,0.0,0.0,0.0,0.0,2.0
562,SC,2022-05-29,0.0,0.0,0.0,1.0,0.0,0.0,5.0
677,SC,2022-05-30,0.0,0.0,0.0,1.0,0.0,0.0,3.0
563,SC,2022-05-31,0.0,0.0,0.0,0.0,0.0,1.0,3.0
564,SC,2022-06-01,0.0,0.0,0.0,0.0,0.0,1.0,5.0
565,SC,2022-06-02,0.0,0.0,0.0,0.0,0.0,1.0,3.0
566,SC,2022-06-03,0.0,0.0,0.0,0.0,1.0,1.0,6.0
567,SC,2022-06-04,0.0,0.0,0.0,0.0,0.0,1.0,2.0
401,SC,2022-06-05,0.0,0.0,0.0,0.0,0.0,1.0,6.0
511,SC,2022-06-06,0.0,0.0,0.0,0.0,0.0,0.0,1.0
568,SC,2022-06-07,0.0,1.0,0.0,0.0,1.0,0.0,3.0
657,SC,2022-06-08,0.0,0.0,0.0,1.0,1.0,1.0,7.0
374,SC,2022-06-09,1.0,0.0,1.0,1.0,0.0,1.0,5.0
569,SC,2022-06-10,0.0,0.0,0.0,1.0,1.0,0.0,6.0
608,SC,2022-06-11,0.0,0.0,1.0,0.0,0.0,1.0,6.0
512,SC,2022-06-12,0.0,0.0,1.0,1.0,0.0,0.0,4.0
640,SC,2022-06-13,0.0,0.0,1.0,1.0,1.0,1.0,10.0
495,SC,2022-06-14,0.0,0.0,0.0,0.0,0.0,0.0,5.0
570,SC,2022-06-15,0.0,1.0,0.0,0.0,1.0,0.0,7.0
670,SC,2022-06-16,0.0,0.0,0.0,1.0,1.0,1.0,8.0
667,SC,2022-06-17,0.0,0.0,0.0,0.0,0.0,1.0,5.0
375,SC,2022-06-18,1.0,0.0,0.0,0.0,1.0,1.0,5.0
609,SC,2022-06-19,0.0,0.0,0.0,1.0,0.0,1.0,5.0
571,SC,2022-06-20,0.0,1.0,0.0,0.0,0.0,1.0,7.0
649,SC,2022-06-21,0.0,0.0,0.0,0.0,0.0,0.0,4.0
572,SC,2022-06-22,0.0,1.0,1.0,0.0,1.0,1.0,9.0
513,SC,2022-06-23,0.0,0.0,1.0,0.0,0.0,0.0,5.0
573,SC,2022-06-24,0.0,1.0,0.0,0.0,1.0,0.0,5.0
708,SC,2022-06-25,0.0,0.0,0.0,0.0,0.0,1.0,3.0
574,SC,2022-06-26,0.0,0.0,0.0,0.0,0.0,1.0,3.0
376,SC,2022-06-27,1.0,0.0,0.0,0.0,0.0,0.0,4.0
610,SC,2022-06-28,0.0,0.0,0.0,0.0,0.0,1.0,3.0
575,SC,2022-06-29,0.0,0.0,0.0,0.0,0.0,1.0,5.0
624,SC,2022-06-30,0.0,1.0,0.0,0.0,1.0,0.0,5.0
576,SC,2022-07-01,0.0,0.0,0.0,0.0,1.0,0.0,4.0
514,SC,2022-07-02,0.0,0.0,1.0,1.0,0.0,1.0,5.0
711,SC,2022-07-03,0.0,0.0,0.0,0.0,0.0,1.0,3.0
377,SC,2022-07-04,1.0,1.0,0.0,1.0,0.0,1.0,7.0
378,SC,2022-07-05,1.0,0.0,0.0,0.0,1.0,1.0,9.0
379,SC,2022-07-06,1.0,0.0,1.0,1.0,1.0,0.0,9.0
380,SC,2022-07-07,1.0,1.0,0.0,0.0,1.0,6.0,11.0
496,SC,2022-07-08,0.0,0.0,0.0,1.0,0.0,1.0,4.0
497,SC,2022-07-09,0.0,0.0,0.0,0.0,0.0,1.0,7.0
652,SC,2022-07-10,0.0,0.0,0.0,0.0,1.0,1.0,7.0
515,SC,2022-07-11,0.0,0.0,0.0,0.0,1.0,1.0,8.0
504,SC,2022-07-12,0.0,0.0,0.0,0.0,0.0,0.0,4.0
381,SC,2022-07-13,1.0,0.0,0.0,1.0,1.0,1.0,9.0
498,SC,2022-07-14,0.0,0.0,0.0,0.0,1.0,1.0,8.0
382,SC,2022-07-15,1.0,0.0,1.0,0.0,0.0,1.0,6.0
577,SC,2022-07-16,0.0,0.0,1.0,0.0,1.0,0.0,6.0
578,SC,2022-07-17,0.0,0.0,0.0,1.0,0.0,1.0,6.0
668,SC,2022-07-18,0.0,0.0,0.0,0.0,1.0,5.0,12.0
505,SC,2022-07-19,0.0,1.0,1.0,1.0,0.0,1.0,13.0
506,SC,2022-07-20,0.0,1.0,1.0,0.0,0.0,1.0,10.0
579,SC,2022-07-21,0.0,0.0,0.0,0.0,0.0,1.0,5.0
625,SC,2022-07-22,0.0,1.0,1.0,0.0,1.0,1.0,5.0
699,SC,2022-07-23,0.0,0.0,0.0,0.0,1.0,7.0,11.0
580,SC,2022-07-24,0.0,1.0,1.0,0.0,0.0,1.0,5.0
611,SC,2022-07-25,0.0,0.0,0.0,0.0,0.0,1.0,5.0
581,SC,2022-07-26,0.0,1.0,0.0,0.0,1.0,1.0,10.0
383,SC,2022-07-27,1.0,0.0,1.0,0.0,0.0,1.0,10.0
582,SC,2022-07-28,0.0,1.0,0.0,1.0,0.0,1.0,8.0
583,SC,2022-07-29,0.0,0.0,1.0,1.0,1.0,1.0,12.0
626,SC,2022-07-30,0.0,1.0,0.0,0.0,0.0,1.0,3.0
703,SC,2022-07-31,0.0,0.0,0.0,0.0,0.0,0.0,2.0
