,state,date,35001,35013,total_cnts
0,NM,2020-08-02,1.0,0.0,3.0
1,NM,2020-08-03,1.0,1.0,4.0
2,NM,2020-08-04,1.0,1.0,6.0
3,NM,2020-08-05,1.0,4.0,7.0
4,NM,2020-08-06,1.0,1.0,5.0
5,NM,2020-08-07,1.0,1.0,2.0
6,NM,2020-08-08,1.0,0.0,2.0
7,NM,2020-08-09,1.0,1.0,3.0
8,NM,2020-08-10,1.0,1.0,5.0
9,NM,2020-08-11,1.0,1.0,7.0
10,NM,2020-08-12,1.0,0.0,5.0
11,NM,2020-08-13,1.0,1.0,5.0
12,NM,2020-08-14,1.0,0.0,4.0
13,NM,2020-08-15,1.0,1.0,5.0
14,NM,2020-08-16,1.0,0.0,1.0
15,NM,2020-08-17,1.0,0.0,2.0
16,NM,2020-08-18,1.0,1.0,6.0
17,NM,2020-08-19,4.0,1.0,8.0
18,NM,2020-08-20,1.0,0.0,4.0
19,NM,2020-08-21,1.0,0.0,5.0
20,NM,2020-08-22,1.0,0.0,3.0
696,NM,2020-08-23,0.0,0.0,1.0
21,NM,2020-08-24,1.0,0.0,4.0
697,NM,2020-08-25,0.0,0.0,2.0
616,NM,2020-08-26,0.0,0.0,3.0
22,NM,2020-08-27,1.0,0.0,5.0
23,NM,2020-08-28,1.0,1.0,3.0
653,NM,2020-08-29,0.0,1.0,2.0
617,NM,2020-08-30,0.0,1.0,4.0
698,NM,2020-08-31,0.0,0.0,1.0
687,NM,2020-09-01,0.0,0.0,3.0
24,NM,2020-09-02,1.0,0.0,4.0
25,NM,2020-09-03,1.0,1.0,4.0
26,NM,2020-09-04,1.0,0.0,2.0
27,NM,2020-09-05,1.0,1.0,4.0
692,NM,2020-09-06,0.0,0.0,2.0
596,NM,2020-09-07,0.0,1.0,5.0
28,NM,2020-09-08,1.0,1.0,5.0
29,NM,2020-09-09,1.0,0.0,3.0
618,NM,2020-09-10,0.0,0.0,1.0
30,NM,2020-09-11,1.0,0.0,3.0
710,NM,2020-09-12,0.0,0.0,2.0
31,NM,2020-09-13,1.0,0.0,3.0
32,NM,2020-09-14,1.0,0.0,5.0
33,NM,2020-09-15,1.0,1.0,6.0
34,NM,2020-09-16,1.0,1.0,4.0
35,NM,2020-09-17,1.0,1.0,2.0
36,NM,2020-09-18,1.0,0.0,6.0
37,NM,2020-09-19,1.0,1.0,4.0
38,NM,2020-09-20,1.0,1.0,5.0
693,NM,2020-09-21,0.0,0.0,3.0
39,NM,2020-09-22,1.0,1.0,6.0
683,NM,2020-09-23,0.0,0.0,2.0
643,NM,2020-09-24,0.0,1.0,2.0
40,NM,2020-09-25,1.0,0.0,1.0
41,NM,2020-09-26,1.0,1.0,3.0
619,NM,2020-09-27,0.0,1.0,3.0
42,NM,2020-09-28,1.0,1.0,4.0
43,NM,2020-09-29,1.0,1.0,5.0
44,NM,2020-09-30,1.0,0.0,6.0
45,NM,2020-10-01,1.0,1.0,4.0
46,NM,2020-10-02,1.0,1.0,5.0
47,NM,2020-10-03,1.0,1.0,4.0
654,NM,2020-10-04,0.0,1.0,2.0
644,NM,2020-10-05,0.0,1.0,4.0
48,NM,2020-10-06,1.0,5.0,11.0
49,NM,2020-10-07,1.0,1.0,7.0
636,NM,2020-10-08,0.0,0.0,7.0
50,NM,2020-10-09,1.0,1.0,6.0
645,NM,2020-10-10,0.0,5.0,7.0
641,NM,2020-10-11,0.0,1.0,3.0
655,NM,2020-10-12,0.0,1.0,2.0
656,NM,2020-10-13,0.0,5.0,8.0
646,NM,2020-10-14,0.0,5.0,8.0
51,NM,2020-10-15,1.0,1.0,8.0
52,NM,2020-10-16,1.0,6.0,12.0
53,NM,2020-10-17,1.0,5.0,10.0
54,NM,2020-10-18,1.0,7.0,12.0
55,NM,2020-10-19,1.0,6.0,13.0
56,NM,2020-10-20,1.0,5.0,9.0
57,NM,2020-10-21,1.0,8.0,12.0
58,NM,2020-10-22,1.0,16.0,23.0
59,NM,2020-10-23,1.0,10.0,16.0
60,NM,2020-10-24,1.0,6.0,15.0
61,NM,2020-10-25,1.0,7.0,18.0
62,NM,2020-10-26,4.0,6.0,19.0
63,NM,2020-10-27,1.0,1.0,9.0
64,NM,2020-10-28,1.0,10.0,16.0
65,NM,2020-10-29,5.0,8.0,20.0
66,NM,2020-10-30,5.0,7.0,23.0
67,NM,2020-10-31,1.0,7.0,14.0
68,NM,2020-11-01,1.0,11.0,18.0
69,NM,2020-11-02,4.0,7.0,24.0
70,NM,2020-11-03,5.0,10.0,33.0
71,NM,2020-11-04,12.0,4.0,24.0
72,NM,2020-11-05,5.0,6.0,20.0
73,NM,2020-11-06,5.0,13.0,30.0
74,NM,2020-11-07,1.0,9.0,18.0
75,NM,2020-11-08,7.0,8.0,23.0
76,NM,2020-11-09,6.0,9.0,26.0
77,NM,2020-11-10,1.0,10.0,23.0
78,NM,2020-11-11,10.0,7.0,31.0
79,NM,2020-11-12,8.0,5.0,22.0
80,NM,2020-11-13,5.0,8.0,28.0
81,NM,2020-11-14,9.0,1.0,26.0
82,NM,2020-11-15,5.0,7.0,25.0
83,NM,2020-11-16,4.0,6.0,22.0
84,NM,2020-11-17,8.0,10.0,26.0
85,NM,2020-11-18,13.0,5.0,30.0
86,NM,2020-11-19,5.0,7.0,21.0
87,NM,2020-11-20,11.0,8.0,39.0
88,NM,2020-11-21,6.0,4.0,17.0
89,NM,2020-11-22,1.0,9.0,20.0
90,NM,2020-11-23,6.0,6.0,29.0
91,NM,2020-11-24,9.0,5.0,27.0
92,NM,2020-11-25,8.0,7.0,28.0
93,NM,2020-11-26,4.0,8.0,22.0
94,NM,2020-11-27,12.0,10.0,35.0
95,NM,2020-11-28,6.0,6.0,24.0
96,NM,2020-11-29,7.0,7.0,29.0
97,NM,2020-11-30,6.0,7.0,23.0
98,NM,2020-12-01,6.0,4.0,26.0
99,NM,2020-12-02,9.0,6.0,30.0
100,NM,2020-12-03,9.0,1.0,21.0
101,NM,2020-12-04,13.0,1.0,31.0
102,NM,2020-12-05,10.0,1.0,23.0
103,NM,2020-12-06,7.0,7.0,28.0
104,NM,2020-12-07,6.0,8.0,33.0
105,NM,2020-12-08,8.0,8.0,32.0
106,NM,2020-12-09,6.0,5.0,23.0
107,NM,2020-12-10,4.0,1.0,19.0
108,NM,2020-12-11,7.0,5.0,22.0
109,NM,2020-12-12,1.0,1.0,9.0
110,NM,2020-12-13,1.0,5.0,14.0
111,NM,2020-12-14,5.0,5.0,21.0
112,NM,2020-12-15,5.0,4.0,20.0
113,NM,2020-12-16,4.0,6.0,15.0
114,NM,2020-12-17,1.0,6.0,16.0
620,NM,2020-12-18,0.0,1.0,20.0
115,NM,2020-12-19,1.0,1.0,15.0
116,NM,2020-12-20,1.0,1.0,11.0
117,NM,2020-12-21,4.0,5.0,18.0
118,NM,2020-12-22,5.0,5.0,23.0
119,NM,2020-12-23,7.0,1.0,22.0
120,NM,2020-12-24,1.0,1.0,14.0
121,NM,2020-12-25,1.0,1.0,9.0
122,NM,2020-12-26,5.0,1.0,13.0
123,NM,2020-12-27,1.0,1.0,11.0
124,NM,2020-12-28,4.0,1.0,16.0
125,NM,2020-12-29,1.0,4.0,20.0
126,NM,2020-12-30,5.0,5.0,22.0
127,NM,2020-12-31,6.0,1.0,15.0
128,NM,2021-01-01,5.0,10.0,22.0
129,NM,2021-01-02,5.0,8.0,17.0
130,NM,2021-01-03,1.0,1.0,10.0
131,NM,2021-01-04,1.0,7.0,22.0
132,NM,2021-01-05,4.0,8.0,27.0
133,NM,2021-01-06,4.0,7.0,20.0
134,NM,2021-01-07,6.0,4.0,23.0
135,NM,2021-01-08,6.0,5.0,30.0
136,NM,2021-01-09,1.0,4.0,11.0
621,NM,2021-01-10,0.0,1.0,10.0
137,NM,2021-01-11,6.0,13.0,35.0
138,NM,2021-01-12,1.0,7.0,16.0
139,NM,2021-01-13,1.0,6.0,21.0
140,NM,2021-01-14,1.0,1.0,11.0
141,NM,2021-01-15,7.0,9.0,27.0
142,NM,2021-01-16,1.0,6.0,18.0
143,NM,2021-01-17,1.0,7.0,17.0
144,NM,2021-01-18,1.0,5.0,17.0
145,NM,2021-01-19,7.0,8.0,22.0
146,NM,2021-01-20,5.0,5.0,22.0
147,NM,2021-01-21,1.0,1.0,13.0
657,NM,2021-01-22,0.0,7.0,14.0
148,NM,2021-01-23,1.0,7.0,11.0
149,NM,2021-01-24,4.0,1.0,10.0
150,NM,2021-01-25,1.0,6.0,12.0
151,NM,2021-01-26,1.0,4.0,16.0
152,NM,2021-01-27,4.0,6.0,16.0
153,NM,2021-01-28,5.0,1.0,13.0
154,NM,2021-01-29,5.0,4.0,16.0
155,NM,2021-01-30,5.0,1.0,17.0
156,NM,2021-01-31,1.0,4.0,12.0
157,NM,2021-02-01,1.0,6.0,17.0
158,NM,2021-02-02,1.0,1.0,8.0
159,NM,2021-02-03,1.0,1.0,10.0
160,NM,2021-02-04,1.0,4.0,12.0
161,NM,2021-02-05,1.0,5.0,15.0
647,NM,2021-02-06,0.0,4.0,11.0
162,NM,2021-02-07,1.0,1.0,6.0
622,NM,2021-02-08,0.0,6.0,10.0
163,NM,2021-02-09,1.0,4.0,16.0
164,NM,2021-02-10,1.0,1.0,7.0
165,NM,2021-02-11,1.0,6.0,10.0
166,NM,2021-02-12,1.0,1.0,6.0
623,NM,2021-02-13,0.0,1.0,5.0
658,NM,2021-02-14,0.0,1.0,3.0
167,NM,2021-02-15,1.0,1.0,8.0
168,NM,2021-02-16,1.0,1.0,13.0
169,NM,2021-02-17,1.0,6.0,13.0
170,NM,2021-02-18,1.0,1.0,9.0
171,NM,2021-02-19,1.0,4.0,10.0
172,NM,2021-02-20,1.0,1.0,10.0
173,NM,2021-02-21,1.0,1.0,5.0
174,NM,2021-02-22,1.0,1.0,7.0
175,NM,2021-02-23,1.0,4.0,11.0
659,NM,2021-02-24,0.0,1.0,7.0
176,NM,2021-02-25,1.0,1.0,5.0
624,NM,2021-02-26,0.0,1.0,5.0
648,NM,2021-02-27,0.0,1.0,6.0
649,NM,2021-02-28,0.0,1.0,5.0
177,NM,2021-03-01,1.0,4.0,5.0
178,NM,2021-03-02,1.0,4.0,8.0
650,NM,2021-03-03,0.0,4.0,7.0
637,NM,2021-03-04,0.0,4.0,7.0
660,NM,2021-03-05,0.0,1.0,5.0
661,NM,2021-03-06,0.0,1.0,2.0
179,NM,2021-03-07,1.0,4.0,6.0
180,NM,2021-03-08,1.0,1.0,5.0
181,NM,2021-03-09,1.0,1.0,4.0
662,NM,2021-03-10,0.0,1.0,2.0
625,NM,2021-03-11,0.0,1.0,5.0
663,NM,2021-03-12,0.0,1.0,2.0
664,NM,2021-03-13,0.0,1.0,4.0
182,NM,2021-03-14,1.0,1.0,5.0
665,NM,2021-03-15,0.0,1.0,3.0
183,NM,2021-03-16,1.0,1.0,4.0
184,NM,2021-03-17,1.0,1.0,5.0
666,NM,2021-03-18,0.0,1.0,2.0
185,NM,2021-03-19,1.0,1.0,7.0
667,NM,2021-03-20,0.0,1.0,4.0
668,NM,2021-03-21,0.0,1.0,3.0
186,NM,2021-03-22,1.0,1.0,4.0
187,NM,2021-03-23,1.0,1.0,5.0
626,NM,2021-03-24,0.0,4.0,7.0
188,NM,2021-03-25,1.0,1.0,5.0
627,NM,2021-03-26,0.0,1.0,5.0
189,NM,2021-03-27,1.0,1.0,4.0
190,NM,2021-03-28,4.0,1.0,7.0
191,NM,2021-03-29,1.0,1.0,4.0
192,NM,2021-03-30,1.0,1.0,3.0
193,NM,2021-03-31,1.0,1.0,7.0
194,NM,2021-04-01,1.0,1.0,5.0
195,NM,2021-04-02,1.0,1.0,4.0
196,NM,2021-04-03,1.0,1.0,3.0
197,NM,2021-04-04,1.0,1.0,3.0
198,NM,2021-04-05,1.0,1.0,4.0
199,NM,2021-04-06,1.0,1.0,4.0
703,NM,2021-04-07,0.0,0.0,3.0
200,NM,2021-04-08,1.0,0.0,3.0
628,NM,2021-04-09,0.0,0.0,2.0
201,NM,2021-04-10,1.0,1.0,3.0
629,NM,2021-04-11,0.0,1.0,4.0
202,NM,2021-04-12,1.0,1.0,4.0
203,NM,2021-04-13,1.0,1.0,4.0
204,NM,2021-04-14,1.0,0.0,2.0
205,NM,2021-04-15,1.0,1.0,5.0
206,NM,2021-04-16,1.0,1.0,5.0
207,NM,2021-04-17,1.0,1.0,3.0
669,NM,2021-04-18,0.0,1.0,3.0
684,NM,2021-04-19,0.0,0.0,3.0
630,NM,2021-04-20,0.0,1.0,3.0
208,NM,2021-04-21,1.0,1.0,4.0
651,NM,2021-04-22,0.0,1.0,4.0
209,NM,2021-04-23,1.0,1.0,7.0
210,NM,2021-04-24,1.0,1.0,4.0
704,NM,2021-04-25,0.0,0.0,4.0
631,NM,2021-04-26,0.0,1.0,5.0
699,NM,2021-04-27,0.0,0.0,4.0
700,NM,2021-04-28,0.0,0.0,3.0
632,NM,2021-04-29,0.0,1.0,5.0
211,NM,2021-04-30,1.0,1.0,4.0
212,NM,2021-05-01,1.0,0.0,1.0
670,NM,2021-05-02,0.0,1.0,3.0
671,NM,2021-05-03,0.0,1.0,2.0
213,NM,2021-05-04,1.0,1.0,4.0
214,NM,2021-05-05,1.0,0.0,4.0
672,NM,2021-05-06,0.0,1.0,2.0
215,NM,2021-05-07,1.0,1.0,5.0
216,NM,2021-05-08,1.0,0.0,5.0
714,NM,2021-05-09,0.0,0.0,1.0
638,NM,2021-05-10,0.0,0.0,1.0
673,NM,2021-05-11,0.0,1.0,1.0
712,NM,2021-05-12,0.0,0.0,1.0
217,NM,2021-05-13,1.0,0.0,3.0
218,NM,2021-05-14,1.0,0.0,1.0
639,NM,2021-05-15,0.0,0.0,3.0
705,NM,2021-05-16,0.0,0.0,2.0
219,NM,2021-05-17,1.0,0.0,2.0
706,NM,2021-05-18,0.0,0.0,2.0
220,NM,2021-05-19,1.0,0.0,1.0
221,NM,2021-05-20,1.0,0.0,1.0
222,NM,2021-05-21,1.0,0.0,4.0
223,NM,2021-05-22,1.0,0.0,3.0
224,NM,2021-05-23,1.0,0.0,4.0
633,NM,2021-05-24,0.0,0.0,3.0
688,NM,2021-05-25,0.0,0.0,1.0
225,NM,2021-05-26,1.0,1.0,3.0
226,NM,2021-05-27,1.0,1.0,3.0
701,NM,2021-05-28,0.0,0.0,2.0
694,NM,2021-05-29,0.0,0.0,2.0
715,NM,2021-05-30,0.0,0.0,1.0
227,NM,2021-05-31,1.0,1.0,2.0
674,NM,2021-06-02,0.0,1.0,2.0
675,NM,2021-06-03,0.0,1.0,1.0
228,NM,2021-06-04,1.0,0.0,2.0
707,NM,2021-06-05,0.0,0.0,1.0
642,NM,2021-06-07,0.0,1.0,3.0
229,NM,2021-06-08,1.0,0.0,3.0
230,NM,2021-06-09,1.0,1.0,3.0
231,NM,2021-06-10,1.0,1.0,2.0
708,NM,2021-06-11,0.0,0.0,2.0
709,NM,2021-06-12,0.0,0.0,1.0
702,NM,2021-06-13,0.0,0.0,2.0
232,NM,2021-06-14,1.0,1.0,3.0
686,NM,2021-06-15,0.0,0.0,1.0
689,NM,2021-06-17,0.0,0.0,1.0
233,NM,2021-06-18,1.0,1.0,4.0
718,NM,2021-06-19,0.0,0.0,1.0
234,NM,2021-06-20,1.0,1.0,3.0
597,NM,2021-06-21,0.0,1.0,2.0
598,NM,2021-06-22,0.0,1.0,2.0
599,NM,2021-06-23,0.0,0.0,2.0
235,NM,2021-06-24,1.0,0.0,1.0
236,NM,2021-06-25,1.0,0.0,2.0
634,NM,2021-06-26,0.0,0.0,2.0
237,NM,2021-06-27,1.0,0.0,3.0
238,NM,2021-06-28,1.0,0.0,4.0
239,NM,2021-06-30,1.0,0.0,2.0
240,NM,2021-07-01,1.0,0.0,2.0
241,NM,2021-07-02,1.0,0.0,3.0
242,NM,2021-07-03,1.0,0.0,2.0
600,NM,2021-07-04,0.0,0.0,1.0
601,NM,2021-07-05,0.0,0.0,1.0
717,NM,2021-07-06,0.0,0.0,1.0
602,NM,2021-07-07,0.0,0.0,1.0
603,NM,2021-07-08,0.0,0.0,3.0
243,NM,2021-07-09,1.0,1.0,5.0
604,NM,2021-07-11,0.0,0.0,5.0
244,NM,2021-07-12,1.0,0.0,2.0
245,NM,2021-07-13,1.0,0.0,3.0
605,NM,2021-07-14,0.0,0.0,3.0
606,NM,2021-07-15,0.0,1.0,4.0
676,NM,2021-07-16,0.0,1.0,2.0
677,NM,2021-07-17,0.0,1.0,3.0
607,NM,2021-07-18,0.0,0.0,2.0
246,NM,2021-07-19,1.0,0.0,2.0
608,NM,2021-07-20,0.0,0.0,3.0
609,NM,2021-07-21,0.0,1.0,2.0
610,NM,2021-07-22,0.0,1.0,3.0
247,NM,2021-07-23,1.0,0.0,6.0
248,NM,2021-07-24,1.0,0.0,2.0
249,NM,2021-07-25,1.0,1.0,6.0
250,NM,2021-07-26,1.0,1.0,4.0
251,NM,2021-07-27,1.0,1.0,6.0
252,NM,2021-07-28,1.0,0.0,3.0
253,NM,2021-07-29,1.0,0.0,4.0
254,NM,2021-07-30,1.0,1.0,4.0
255,NM,2021-07-31,1.0,1.0,6.0
256,NM,2021-08-01,1.0,1.0,5.0
257,NM,2021-08-02,1.0,1.0,7.0
611,NM,2021-08-03,0.0,1.0,8.0
258,NM,2021-08-04,1.0,1.0,7.0
259,NM,2021-08-05,1.0,1.0,8.0
612,NM,2021-08-06,0.0,1.0,5.0
260,NM,2021-08-07,1.0,1.0,10.0
261,NM,2021-08-08,1.0,1.0,7.0
262,NM,2021-08-09,1.0,1.0,9.0
263,NM,2021-08-10,1.0,1.0,10.0
264,NM,2021-08-11,1.0,1.0,9.0
265,NM,2021-08-12,1.0,0.0,8.0
266,NM,2021-08-13,4.0,1.0,13.0
267,NM,2021-08-14,1.0,1.0,9.0
613,NM,2021-08-15,0.0,1.0,7.0
268,NM,2021-08-16,1.0,0.0,11.0
269,NM,2021-08-17,1.0,0.0,5.0
614,NM,2021-08-18,0.0,5.0,12.0
270,NM,2021-08-19,1.0,1.0,12.0
271,NM,2021-08-20,1.0,1.0,9.0
272,NM,2021-08-21,5.0,1.0,15.0
273,NM,2021-08-22,1.0,1.0,10.0
615,NM,2021-08-23,0.0,1.0,9.0
274,NM,2021-08-24,1.0,1.0,11.0
275,NM,2021-08-25,1.0,1.0,10.0
276,NM,2021-08-26,5.0,1.0,12.0
277,NM,2021-08-27,7.0,0.0,15.0
278,NM,2021-08-28,1.0,1.0,9.0
279,NM,2021-08-29,4.0,1.0,12.0
280,NM,2021-08-30,4.0,1.0,12.0
281,NM,2021-08-31,4.0,1.0,17.0
282,NM,2021-09-01,7.0,1.0,18.0
283,NM,2021-09-02,1.0,4.0,15.0
284,NM,2021-09-03,1.0,1.0,11.0
285,NM,2021-09-04,7.0,6.0,21.0
286,NM,2021-09-05,4.0,1.0,13.0
287,NM,2021-09-06,1.0,1.0,7.0
288,NM,2021-09-07,5.0,0.0,10.0
289,NM,2021-09-08,4.0,1.0,13.0
290,NM,2021-09-09,1.0,0.0,10.0
291,NM,2021-09-10,1.0,1.0,5.0
292,NM,2021-09-11,1.0,1.0,6.0
293,NM,2021-09-12,1.0,0.0,5.0
294,NM,2021-09-13,1.0,0.0,7.0
652,NM,2021-09-14,0.0,1.0,6.0
295,NM,2021-09-15,1.0,1.0,10.0
296,NM,2021-09-16,1.0,1.0,8.0
297,NM,2021-09-17,1.0,1.0,8.0
298,NM,2021-09-18,1.0,1.0,8.0
299,NM,2021-09-19,1.0,1.0,8.0
635,NM,2021-09-20,0.0,4.0,6.0
300,NM,2021-09-21,1.0,1.0,5.0
301,NM,2021-09-22,1.0,1.0,6.0
302,NM,2021-09-23,1.0,1.0,8.0
303,NM,2021-09-24,1.0,1.0,10.0
304,NM,2021-09-25,1.0,1.0,7.0
305,NM,2021-09-26,1.0,1.0,6.0
306,NM,2021-09-27,1.0,1.0,7.0
307,NM,2021-09-28,4.0,1.0,12.0
308,NM,2021-09-29,1.0,1.0,7.0
309,NM,2021-09-30,5.0,1.0,10.0
310,NM,2021-10-01,4.0,0.0,10.0
311,NM,2021-10-02,1.0,0.0,5.0
312,NM,2021-10-03,1.0,0.0,4.0
313,NM,2021-10-04,1.0,0.0,10.0
314,NM,2021-10-05,7.0,1.0,15.0
315,NM,2021-10-06,1.0,1.0,5.0
316,NM,2021-10-07,5.0,0.0,8.0
317,NM,2021-10-08,1.0,1.0,9.0
318,NM,2021-10-09,1.0,1.0,7.0
640,NM,2021-10-10,0.0,1.0,5.0
319,NM,2021-10-11,4.0,1.0,10.0
320,NM,2021-10-12,5.0,1.0,14.0
321,NM,2021-10-13,1.0,1.0,8.0
322,NM,2021-10-14,4.0,1.0,11.0
323,NM,2021-10-15,1.0,1.0,14.0
324,NM,2021-10-16,1.0,0.0,7.0
325,NM,2021-10-17,1.0,1.0,7.0
326,NM,2021-10-18,6.0,1.0,11.0
327,NM,2021-10-19,1.0,1.0,8.0
328,NM,2021-10-20,1.0,4.0,11.0
329,NM,2021-10-21,1.0,1.0,6.0
330,NM,2021-10-22,1.0,1.0,9.0
685,NM,2021-10-23,0.0,0.0,10.0
331,NM,2021-10-24,1.0,4.0,13.0
332,NM,2021-10-25,5.0,0.0,15.0
333,NM,2021-10-26,1.0,1.0,16.0
334,NM,2021-10-27,4.0,1.0,15.0
335,NM,2021-10-28,1.0,1.0,14.0
336,NM,2021-10-29,6.0,1.0,15.0
337,NM,2021-10-30,4.0,1.0,15.0
338,NM,2021-10-31,1.0,1.0,16.0
339,NM,2021-11-01,5.0,5.0,15.0
340,NM,2021-11-02,6.0,1.0,12.0
341,NM,2021-11-03,1.0,1.0,16.0
342,NM,2021-11-04,1.0,1.0,6.0
343,NM,2021-11-05,5.0,1.0,13.0
344,NM,2021-11-06,4.0,1.0,11.0
678,NM,2021-11-07,0.0,4.0,7.0
345,NM,2021-11-08,5.0,1.0,20.0
346,NM,2021-11-09,1.0,1.0,14.0
347,NM,2021-11-10,5.0,1.0,12.0
348,NM,2021-11-11,1.0,1.0,8.0
349,NM,2021-11-12,1.0,1.0,7.0
350,NM,2021-11-13,6.0,1.0,16.0
351,NM,2021-11-14,5.0,4.0,17.0
352,NM,2021-11-15,5.0,1.0,19.0
353,NM,2021-11-16,6.0,6.0,20.0
354,NM,2021-11-17,5.0,6.0,17.0
355,NM,2021-11-18,10.0,9.0,28.0
356,NM,2021-11-19,8.0,1.0,23.0
357,NM,2021-11-20,4.0,1.0,13.0
358,NM,2021-11-21,1.0,8.0,21.0
359,NM,2021-11-22,7.0,4.0,19.0
360,NM,2021-11-23,1.0,4.0,22.0
361,NM,2021-11-24,6.0,4.0,14.0
362,NM,2021-11-25,1.0,5.0,23.0
363,NM,2021-11-26,4.0,5.0,19.0
364,NM,2021-11-27,4.0,1.0,17.0
365,NM,2021-11-28,5.0,6.0,21.0
366,NM,2021-11-29,8.0,7.0,24.0
367,NM,2021-11-30,8.0,1.0,25.0
368,NM,2021-12-01,5.0,5.0,25.0
369,NM,2021-12-02,11.0,0.0,24.0
370,NM,2021-12-03,4.0,4.0,21.0
371,NM,2021-12-04,1.0,7.0,19.0
372,NM,2021-12-05,1.0,7.0,19.0
373,NM,2021-12-06,8.0,6.0,24.0
374,NM,2021-12-07,5.0,4.0,19.0
375,NM,2021-12-08,5.0,5.0,27.0
376,NM,2021-12-09,1.0,4.0,15.0
377,NM,2021-12-10,7.0,6.0,22.0
378,NM,2021-12-11,5.0,1.0,17.0
379,NM,2021-12-12,1.0,0.0,7.0
380,NM,2021-12-13,5.0,1.0,16.0
381,NM,2021-12-14,5.0,4.0,20.0
382,NM,2021-12-15,7.0,1.0,24.0
383,NM,2021-12-16,7.0,5.0,21.0
384,NM,2021-12-17,5.0,0.0,11.0
385,NM,2021-12-18,4.0,1.0,16.0
386,NM,2021-12-19,1.0,1.0,8.0
387,NM,2021-12-20,7.0,1.0,18.0
388,NM,2021-12-21,4.0,0.0,19.0
389,NM,2021-12-22,5.0,1.0,16.0
390,NM,2021-12-23,10.0,7.0,24.0
391,NM,2021-12-24,10.0,1.0,19.0
392,NM,2021-12-25,6.0,0.0,15.0
393,NM,2021-12-26,5.0,5.0,20.0
394,NM,2021-12-27,6.0,1.0,14.0
395,NM,2021-12-28,11.0,4.0,20.0
396,NM,2021-12-29,5.0,6.0,23.0
397,NM,2021-12-30,9.0,1.0,28.0
398,NM,2021-12-31,6.0,4.0,18.0
399,NM,2022-01-01,1.0,1.0,11.0
400,NM,2022-01-02,6.0,1.0,16.0
401,NM,2022-01-03,4.0,1.0,14.0
402,NM,2022-01-04,6.0,7.0,26.0
403,NM,2022-01-05,13.0,4.0,35.0
404,NM,2022-01-06,5.0,1.0,20.0
405,NM,2022-01-07,10.0,6.0,27.0
406,NM,2022-01-08,9.0,5.0,29.0
407,NM,2022-01-09,6.0,1.0,19.0
408,NM,2022-01-10,9.0,1.0,22.0
409,NM,2022-01-11,7.0,1.0,17.0
410,NM,2022-01-12,4.0,5.0,19.0
411,NM,2022-01-13,5.0,4.0,24.0
412,NM,2022-01-14,8.0,1.0,19.0
413,NM,2022-01-15,8.0,1.0,20.0
414,NM,2022-01-16,7.0,1.0,19.0
415,NM,2022-01-17,10.0,7.0,29.0
416,NM,2022-01-18,10.0,6.0,26.0
417,NM,2022-01-19,9.0,4.0,21.0
418,NM,2022-01-20,13.0,6.0,33.0
419,NM,2022-01-21,10.0,7.0,29.0
420,NM,2022-01-22,10.0,6.0,29.0
421,NM,2022-01-23,11.0,7.0,26.0
422,NM,2022-01-24,8.0,1.0,14.0
423,NM,2022-01-25,15.0,1.0,25.0
424,NM,2022-01-26,9.0,1.0,17.0
425,NM,2022-01-27,6.0,1.0,24.0
426,NM,2022-01-28,7.0,7.0,26.0
427,NM,2022-01-29,8.0,1.0,21.0
428,NM,2022-01-30,8.0,1.0,18.0
429,NM,2022-01-31,6.0,4.0,17.0
430,NM,2022-02-01,6.0,1.0,15.0
431,NM,2022-02-02,8.0,1.0,20.0
432,NM,2022-02-03,9.0,4.0,24.0
433,NM,2022-02-04,12.0,1.0,20.0
434,NM,2022-02-05,11.0,1.0,15.0
435,NM,2022-02-06,5.0,1.0,13.0
436,NM,2022-02-07,9.0,1.0,15.0
437,NM,2022-02-08,8.0,0.0,14.0
438,NM,2022-02-09,7.0,1.0,14.0
439,NM,2022-02-10,7.0,1.0,12.0
440,NM,2022-02-11,9.0,1.0,19.0
441,NM,2022-02-12,5.0,1.0,13.0
442,NM,2022-02-13,9.0,1.0,13.0
443,NM,2022-02-14,1.0,0.0,5.0
444,NM,2022-02-15,7.0,0.0,13.0
445,NM,2022-02-16,5.0,1.0,12.0
446,NM,2022-02-17,5.0,1.0,10.0
447,NM,2022-02-18,8.0,1.0,13.0
448,NM,2022-02-19,6.0,1.0,8.0
449,NM,2022-02-20,5.0,1.0,9.0
450,NM,2022-02-21,7.0,1.0,13.0
451,NM,2022-02-22,6.0,1.0,12.0
452,NM,2022-02-23,6.0,1.0,11.0
453,NM,2022-02-24,11.0,1.0,14.0
454,NM,2022-02-25,6.0,0.0,11.0
455,NM,2022-02-26,6.0,0.0,9.0
456,NM,2022-02-27,5.0,0.0,7.0
457,NM,2022-02-28,8.0,0.0,11.0
458,NM,2022-03-01,4.0,0.0,5.0
459,NM,2022-03-02,4.0,1.0,9.0
460,NM,2022-03-03,4.0,1.0,10.0
461,NM,2022-03-04,1.0,0.0,5.0
462,NM,2022-03-05,1.0,1.0,6.0
463,NM,2022-03-06,1.0,1.0,4.0
464,NM,2022-03-07,1.0,1.0,4.0
465,NM,2022-03-08,4.0,1.0,8.0
716,NM,2022-03-09,0.0,0.0,1.0
466,NM,2022-03-10,4.0,0.0,6.0
467,NM,2022-03-11,5.0,1.0,8.0
468,NM,2022-03-12,4.0,0.0,6.0
469,NM,2022-03-13,1.0,0.0,2.0
470,NM,2022-03-14,1.0,0.0,2.0
471,NM,2022-03-15,1.0,1.0,3.0
472,NM,2022-03-16,5.0,0.0,7.0
473,NM,2022-03-17,5.0,0.0,6.0
474,NM,2022-03-18,1.0,0.0,4.0
475,NM,2022-03-19,1.0,1.0,3.0
476,NM,2022-03-20,1.0,0.0,3.0
477,NM,2022-03-21,1.0,0.0,4.0
478,NM,2022-03-22,1.0,0.0,7.0
479,NM,2022-03-23,5.0,0.0,10.0
480,NM,2022-03-24,5.0,0.0,9.0
481,NM,2022-03-25,4.0,0.0,7.0
482,NM,2022-03-26,5.0,0.0,9.0
483,NM,2022-03-27,4.0,0.0,9.0
484,NM,2022-03-28,5.0,1.0,11.0
485,NM,2022-03-29,4.0,0.0,11.0
486,NM,2022-03-30,4.0,0.0,9.0
487,NM,2022-03-31,1.0,0.0,4.0
488,NM,2022-04-01,1.0,0.0,7.0
489,NM,2022-04-02,1.0,0.0,4.0
490,NM,2022-04-03,1.0,0.0,3.0
491,NM,2022-04-04,1.0,0.0,6.0
492,NM,2022-04-05,1.0,0.0,3.0
493,NM,2022-04-06,4.0,0.0,8.0
494,NM,2022-04-07,4.0,0.0,6.0
495,NM,2022-04-08,1.0,0.0,4.0
690,NM,2022-04-09,0.0,0.0,1.0
496,NM,2022-04-10,1.0,0.0,4.0
691,NM,2022-04-11,0.0,0.0,1.0
497,NM,2022-04-12,1.0,1.0,6.0
498,NM,2022-04-13,4.0,0.0,7.0
499,NM,2022-04-14,1.0,0.0,4.0
500,NM,2022-04-15,1.0,0.0,3.0
501,NM,2022-04-16,1.0,0.0,4.0
502,NM,2022-04-17,1.0,0.0,3.0
503,NM,2022-04-18,1.0,0.0,3.0
504,NM,2022-04-20,1.0,0.0,4.0
505,NM,2022-04-21,1.0,1.0,4.0
506,NM,2022-04-22,1.0,0.0,3.0
507,NM,2022-04-23,1.0,0.0,3.0
713,NM,2022-04-24,0.0,0.0,2.0
711,NM,2022-04-25,0.0,0.0,3.0
508,NM,2022-04-26,1.0,0.0,3.0
509,NM,2022-04-27,1.0,0.0,2.0
510,NM,2022-04-28,1.0,0.0,5.0
511,NM,2022-05-02,1.0,0.0,1.0
679,NM,2022-05-03,0.0,1.0,2.0
512,NM,2022-05-04,1.0,0.0,2.0
513,NM,2022-05-05,1.0,0.0,3.0
514,NM,2022-05-06,1.0,0.0,2.0
515,NM,2022-05-07,1.0,0.0,4.0
516,NM,2022-05-08,1.0,0.0,1.0
517,NM,2022-05-09,1.0,0.0,2.0
518,NM,2022-05-10,1.0,0.0,1.0
519,NM,2022-05-11,1.0,0.0,2.0
520,NM,2022-05-12,1.0,1.0,3.0
521,NM,2022-05-13,1.0,0.0,2.0
522,NM,2022-05-14,1.0,0.0,1.0
523,NM,2022-05-15,1.0,1.0,3.0
524,NM,2022-05-16,1.0,1.0,4.0
525,NM,2022-05-17,5.0,1.0,8.0
526,NM,2022-05-18,1.0,0.0,2.0
527,NM,2022-05-19,1.0,0.0,3.0
528,NM,2022-05-20,1.0,0.0,4.0
529,NM,2022-05-21,1.0,0.0,3.0
530,NM,2022-05-22,1.0,0.0,3.0
531,NM,2022-05-23,1.0,1.0,4.0
532,NM,2022-05-24,1.0,0.0,2.0
533,NM,2022-05-25,1.0,1.0,5.0
680,NM,2022-05-26,0.0,1.0,3.0
534,NM,2022-05-27,1.0,1.0,3.0
535,NM,2022-05-28,1.0,0.0,6.0
536,NM,2022-05-29,1.0,0.0,2.0
681,NM,2022-05-30,0.0,1.0,1.0
537,NM,2022-05-31,1.0,0.0,2.0
538,NM,2022-06-01,1.0,0.0,2.0
539,NM,2022-06-03,1.0,0.0,2.0
540,NM,2022-06-04,1.0,0.0,3.0
541,NM,2022-06-05,1.0,1.0,4.0
542,NM,2022-06-06,1.0,1.0,4.0
543,NM,2022-06-07,5.0,0.0,7.0
544,NM,2022-06-08,1.0,0.0,3.0
545,NM,2022-06-09,5.0,0.0,8.0
546,NM,2022-06-10,1.0,1.0,5.0
547,NM,2022-06-11,6.0,1.0,8.0
548,NM,2022-06-12,1.0,0.0,3.0
549,NM,2022-06-13,1.0,0.0,4.0
550,NM,2022-06-14,1.0,1.0,3.0
551,NM,2022-06-15,1.0,1.0,5.0
552,NM,2022-06-16,5.0,0.0,8.0
553,NM,2022-06-17,1.0,0.0,8.0
554,NM,2022-06-18,4.0,1.0,7.0
555,NM,2022-06-19,1.0,0.0,3.0
556,NM,2022-06-20,5.0,0.0,7.0
557,NM,2022-06-21,1.0,1.0,5.0
558,NM,2022-06-22,5.0,0.0,9.0
559,NM,2022-06-23,6.0,0.0,11.0
560,NM,2022-06-24,1.0,0.0,4.0
561,NM,2022-06-25,1.0,0.0,6.0
562,NM,2022-06-26,4.0,0.0,6.0
563,NM,2022-06-27,1.0,0.0,8.0
564,NM,2022-06-28,1.0,1.0,5.0
565,NM,2022-06-29,1.0,0.0,3.0
566,NM,2022-06-30,1.0,0.0,3.0
567,NM,2022-07-01,1.0,1.0,2.0
568,NM,2022-07-02,4.0,0.0,5.0
569,NM,2022-07-03,1.0,0.0,3.0
570,NM,2022-07-04,1.0,0.0,2.0
682,NM,2022-07-05,0.0,1.0,1.0
571,NM,2022-07-06,1.0,0.0,1.0
572,NM,2022-07-07,1.0,0.0,2.0
573,NM,2022-07-08,1.0,0.0,4.0
574,NM,2022-07-09,1.0,1.0,3.0
575,NM,2022-07-10,1.0,1.0,5.0
576,NM,2022-07-11,1.0,0.0,4.0
577,NM,2022-07-12,1.0,0.0,1.0
578,NM,2022-07-13,1.0,0.0,2.0
579,NM,2022-07-14,1.0,1.0,3.0
580,NM,2022-07-15,5.0,1.0,9.0
581,NM,2022-07-16,1.0,0.0,1.0
582,NM,2022-07-17,8.0,1.0,11.0
583,NM,2022-07-18,5.0,0.0,6.0
584,NM,2022-07-19,1.0,0.0,2.0
585,NM,2022-07-20,4.0,1.0,9.0
586,NM,2022-07-21,4.0,1.0,7.0
587,NM,2022-07-22,1.0,0.0,2.0
588,NM,2022-07-23,1.0,1.0,6.0
589,NM,2022-07-24,1.0,0.0,4.0
590,NM,2022-07-25,4.0,1.0,7.0
591,NM,2022-07-26,1.0,0.0,1.0
592,NM,2022-07-27,4.0,1.0,6.0
593,NM,2022-07-28,1.0,0.0,2.0
594,NM,2022-07-29,1.0,0.0,4.0
595,NM,2022-07-30,1.0,0.0,2.0
695,NM,2022-07-31,0.0,0.0,1.0
